[0.144s] DEBUG:colcon:Command line arguments: ['/usr/bin/colcon', 'build', '--packages-select', 'ackermann_drive_servo_arm']
[0.144s] DEBUG:colcon:Parsed command line arguments: Namespace(log_base=None, log_level=None, verb_name='build', build_base='build', install_base='install', merge_install=False, symlink_install=False, test_result_base=None, continue_on_error=False, executor='parallel', parallel_workers=4, event_handlers=None, ignore_user_meta=False, metas=['./colcon.meta'], base_paths=['.'], packages_ignore=None, packages_ignore_regex=None, paths=None, packages_up_to=None, packages_up_to_regex=None, packages_above=None, packages_above_and_dependencies=None, packages_above_depth=None, packages_select_by_dep=None, packages_skip_by_dep=None, packages_skip_up_to=None, packages_select_build_failed=False, packages_skip_build_finished=False, packages_select_test_failures=False, packages_skip_test_passed=False, packages_select=['ackermann_drive_servo_arm'], packages_skip=None, packages_select_regex=None, packages_skip_regex=None, packages_start=None, packages_end=None, allow_overriding=[], cmake_args=None, cmake_target=None, cmake_target_skip_unavailable=False, cmake_clean_cache=False, cmake_clean_first=False, cmake_force_configure=False, ament_cmake_args=None, catkin_cmake_args=None, catkin_skip_building_tests=False, mixin_files=None, mixin=None, verb_parser=<colcon_mixin.mixin.mixin_argument.MixinArgumentDecorator object at 0xffffa2ca59a0>, verb_extension=<colcon_core.verb.build.BuildVerb object at 0xffffa36830e0>, main=<bound method BuildVerb.main of <colcon_core.verb.build.BuildVerb object at 0xffffa36830e0>>, mixin_verb=('build',))
[0.199s] Level 1:colcon.colcon_core.package_discovery:discover_packages(colcon_meta) check parameters
[0.200s] Level 1:colcon.colcon_core.package_discovery:discover_packages(recursive) check parameters
[0.200s] Level 1:colcon.colcon_core.package_discovery:discover_packages(ignore) check parameters
[0.200s] Level 1:colcon.colcon_core.package_discovery:discover_packages(path) check parameters
[0.200s] Level 1:colcon.colcon_core.package_discovery:discover_packages(colcon_meta) discover
[0.200s] Level 1:colcon.colcon_core.package_discovery:discover_packages(recursive) discover
[0.200s] INFO:colcon.colcon_core.package_discovery:Crawling recursively for packages in '/home/rpi5/pincer_ws/src/pincerRover'
[0.200s] Level 1:colcon.colcon_core.package_identification:_identify(.) by extensions ['ignore', 'ignore_ament_install']
[0.200s] Level 1:colcon.colcon_core.package_identification:_identify(.) by extension 'ignore'
[0.200s] Level 1:colcon.colcon_core.package_identification:_identify(.) by extension 'ignore_ament_install'
[0.200s] Level 1:colcon.colcon_core.package_identification:_identify(.) by extensions ['colcon_pkg']
[0.200s] Level 1:colcon.colcon_core.package_identification:_identify(.) by extension 'colcon_pkg'
[0.200s] Level 1:colcon.colcon_core.package_identification:_identify(.) by extensions ['colcon_meta']
[0.200s] Level 1:colcon.colcon_core.package_identification:_identify(.) by extension 'colcon_meta'
[0.200s] Level 1:colcon.colcon_core.package_identification:_identify(.) by extensions ['ros']
[0.200s] Level 1:colcon.colcon_core.package_identification:_identify(.) by extension 'ros'
[0.238s] Level 1:colcon.colcon_core.package_identification:_identify(.) by extensions ['cmake', 'python']
[0.238s] Level 1:colcon.colcon_core.package_identification:_identify(.) by extension 'cmake'
[0.238s] Level 1:colcon.colcon_core.package_identification:_identify(.) by extension 'python'
[0.238s] Level 1:colcon.colcon_core.package_identification:_identify(.) by extensions ['python_setup_py']
[0.238s] Level 1:colcon.colcon_core.package_identification:_identify(.) by extension 'python_setup_py'
[0.238s] Level 1:colcon.colcon_core.package_identification:_identify(bringup) by extensions ['ignore', 'ignore_ament_install']
[0.238s] Level 1:colcon.colcon_core.package_identification:_identify(bringup) by extension 'ignore'
[0.238s] Level 1:colcon.colcon_core.package_identification:_identify(bringup) by extension 'ignore_ament_install'
[0.238s] Level 1:colcon.colcon_core.package_identification:_identify(bringup) by extensions ['colcon_pkg']
[0.238s] Level 1:colcon.colcon_core.package_identification:_identify(bringup) by extension 'colcon_pkg'
[0.238s] Level 1:colcon.colcon_core.package_identification:_identify(bringup) by extensions ['colcon_meta']
[0.238s] Level 1:colcon.colcon_core.package_identification:_identify(bringup) by extension 'colcon_meta'
[0.238s] Level 1:colcon.colcon_core.package_identification:_identify(bringup) by extensions ['ros']
[0.238s] Level 1:colcon.colcon_core.package_identification:_identify(bringup) by extension 'ros'
[0.242s] DEBUG:colcon.colcon_core.package_identification:Package 'bringup' with type 'ros.ament_python' and name 'bringup'
[0.242s] Level 1:colcon.colcon_core.package_identification:_identify(build) by extensions ['ignore', 'ignore_ament_install']
[0.242s] Level 1:colcon.colcon_core.package_identification:_identify(build) by extension 'ignore'
[0.243s] Level 1:colcon.colcon_core.package_identification:_identify(build) ignored
[0.243s] Level 1:colcon.colcon_core.package_identification:_identify(description) by extensions ['ignore', 'ignore_ament_install']
[0.243s] Level 1:colcon.colcon_core.package_identification:_identify(description) by extension 'ignore'
[0.243s] Level 1:colcon.colcon_core.package_identification:_identify(description) by extension 'ignore_ament_install'
[0.243s] Level 1:colcon.colcon_core.package_identification:_identify(description) by extensions ['colcon_pkg']
[0.243s] Level 1:colcon.colcon_core.package_identification:_identify(description) by extension 'colcon_pkg'
[0.243s] Level 1:colcon.colcon_core.package_identification:_identify(description) by extensions ['colcon_meta']
[0.243s] Level 1:colcon.colcon_core.package_identification:_identify(description) by extension 'colcon_meta'
[0.243s] Level 1:colcon.colcon_core.package_identification:_identify(description) by extensions ['ros']
[0.243s] Level 1:colcon.colcon_core.package_identification:_identify(description) by extension 'ros'
[0.244s] DEBUG:colcon.colcon_core.package_identification:Package 'description' with type 'ros.ament_cmake' and name 'description'
[0.244s] Level 1:colcon.colcon_core.package_identification:_identify(install) by extensions ['ignore', 'ignore_ament_install']
[0.244s] Level 1:colcon.colcon_core.package_identification:_identify(install) by extension 'ignore'
[0.244s] Level 1:colcon.colcon_core.package_identification:_identify(install) ignored
[0.244s] Level 1:colcon.colcon_core.package_identification:_identify(localization) by extensions ['ignore', 'ignore_ament_install']
[0.244s] Level 1:colcon.colcon_core.package_identification:_identify(localization) by extension 'ignore'
[0.244s] Level 1:colcon.colcon_core.package_identification:_identify(localization) by extension 'ignore_ament_install'
[0.244s] Level 1:colcon.colcon_core.package_identification:_identify(localization) by extensions ['colcon_pkg']
[0.244s] Level 1:colcon.colcon_core.package_identification:_identify(localization) by extension 'colcon_pkg'
[0.244s] Level 1:colcon.colcon_core.package_identification:_identify(localization) by extensions ['colcon_meta']
[0.244s] Level 1:colcon.colcon_core.package_identification:_identify(localization) by extension 'colcon_meta'
[0.244s] Level 1:colcon.colcon_core.package_identification:_identify(localization) by extensions ['ros']
[0.244s] Level 1:colcon.colcon_core.package_identification:_identify(localization) by extension 'ros'
[0.245s] DEBUG:colcon.colcon_core.package_identification:Package 'localization' with type 'ros.ament_python' and name 'localization'
[0.245s] Level 1:colcon.colcon_core.package_identification:_identify(log) by extensions ['ignore', 'ignore_ament_install']
[0.245s] Level 1:colcon.colcon_core.package_identification:_identify(log) by extension 'ignore'
[0.245s] Level 1:colcon.colcon_core.package_identification:_identify(log) ignored
[0.245s] Level 1:colcon.colcon_core.package_identification:_identify(moveit) by extensions ['ignore', 'ignore_ament_install']
[0.246s] Level 1:colcon.colcon_core.package_identification:_identify(moveit) by extension 'ignore'
[0.246s] Level 1:colcon.colcon_core.package_identification:_identify(moveit) by extension 'ignore_ament_install'
[0.246s] Level 1:colcon.colcon_core.package_identification:_identify(moveit) by extensions ['colcon_pkg']
[0.246s] Level 1:colcon.colcon_core.package_identification:_identify(moveit) by extension 'colcon_pkg'
[0.246s] Level 1:colcon.colcon_core.package_identification:_identify(moveit) by extensions ['colcon_meta']
[0.246s] Level 1:colcon.colcon_core.package_identification:_identify(moveit) by extension 'colcon_meta'
[0.246s] Level 1:colcon.colcon_core.package_identification:_identify(moveit) by extensions ['ros']
[0.246s] Level 1:colcon.colcon_core.package_identification:_identify(moveit) by extension 'ros'
[0.246s] Level 1:colcon.colcon_core.package_identification:_identify(moveit) by extensions ['cmake', 'python']
[0.246s] Level 1:colcon.colcon_core.package_identification:_identify(moveit) by extension 'cmake'
[0.246s] Level 1:colcon.colcon_core.package_identification:_identify(moveit) by extension 'python'
[0.246s] Level 1:colcon.colcon_core.package_identification:_identify(moveit) by extensions ['python_setup_py']
[0.246s] Level 1:colcon.colcon_core.package_identification:_identify(moveit) by extension 'python_setup_py'
[0.246s] Level 1:colcon.colcon_core.package_identification:_identify(moveit/manipulator) by extensions ['ignore', 'ignore_ament_install']
[0.246s] Level 1:colcon.colcon_core.package_identification:_identify(moveit/manipulator) by extension 'ignore'
[0.246s] Level 1:colcon.colcon_core.package_identification:_identify(moveit/manipulator) by extension 'ignore_ament_install'
[0.246s] Level 1:colcon.colcon_core.package_identification:_identify(moveit/manipulator) by extensions ['colcon_pkg']
[0.246s] Level 1:colcon.colcon_core.package_identification:_identify(moveit/manipulator) by extension 'colcon_pkg'
[0.247s] Level 1:colcon.colcon_core.package_identification:_identify(moveit/manipulator) by extensions ['colcon_meta']
[0.247s] Level 1:colcon.colcon_core.package_identification:_identify(moveit/manipulator) by extension 'colcon_meta'
[0.247s] Level 1:colcon.colcon_core.package_identification:_identify(moveit/manipulator) by extensions ['ros']
[0.247s] Level 1:colcon.colcon_core.package_identification:_identify(moveit/manipulator) by extension 'ros'
[0.248s] DEBUG:colcon.colcon_core.package_identification:Package 'moveit/manipulator' with type 'ros.ament_python' and name 'manipulator'
[0.248s] Level 1:colcon.colcon_core.package_identification:_identify(navigation) by extensions ['ignore', 'ignore_ament_install']
[0.248s] Level 1:colcon.colcon_core.package_identification:_identify(navigation) by extension 'ignore'
[0.248s] Level 1:colcon.colcon_core.package_identification:_identify(navigation) by extension 'ignore_ament_install'
[0.248s] Level 1:colcon.colcon_core.package_identification:_identify(navigation) by extensions ['colcon_pkg']
[0.248s] Level 1:colcon.colcon_core.package_identification:_identify(navigation) by extension 'colcon_pkg'
[0.248s] Level 1:colcon.colcon_core.package_identification:_identify(navigation) by extensions ['colcon_meta']
[0.248s] Level 1:colcon.colcon_core.package_identification:_identify(navigation) by extension 'colcon_meta'
[0.248s] Level 1:colcon.colcon_core.package_identification:_identify(navigation) by extensions ['ros']
[0.248s] Level 1:colcon.colcon_core.package_identification:_identify(navigation) by extension 'ros'
[0.248s] Level 1:colcon.colcon_core.package_identification:_identify(navigation) by extensions ['cmake', 'python']
[0.248s] Level 1:colcon.colcon_core.package_identification:_identify(navigation) by extension 'cmake'
[0.248s] Level 1:colcon.colcon_core.package_identification:_identify(navigation) by extension 'python'
[0.248s] Level 1:colcon.colcon_core.package_identification:_identify(navigation) by extensions ['python_setup_py']
[0.248s] Level 1:colcon.colcon_core.package_identification:_identify(navigation) by extension 'python_setup_py'
[0.248s] Level 1:colcon.colcon_core.package_identification:_identify(navigation/config) by extensions ['ignore', 'ignore_ament_install']
[0.249s] Level 1:colcon.colcon_core.package_identification:_identify(navigation/config) by extension 'ignore'
[0.249s] Level 1:colcon.colcon_core.package_identification:_identify(navigation/config) by extension 'ignore_ament_install'
[0.249s] Level 1:colcon.colcon_core.package_identification:_identify(navigation/config) by extensions ['colcon_pkg']
[0.249s] Level 1:colcon.colcon_core.package_identification:_identify(navigation/config) by extension 'colcon_pkg'
[0.249s] Level 1:colcon.colcon_core.package_identification:_identify(navigation/config) by extensions ['colcon_meta']
[0.249s] Level 1:colcon.colcon_core.package_identification:_identify(navigation/config) by extension 'colcon_meta'
[0.249s] Level 1:colcon.colcon_core.package_identification:_identify(navigation/config) by extensions ['ros']
[0.249s] Level 1:colcon.colcon_core.package_identification:_identify(navigation/config) by extension 'ros'
[0.249s] Level 1:colcon.colcon_core.package_identification:_identify(navigation/config) by extensions ['cmake', 'python']
[0.249s] Level 1:colcon.colcon_core.package_identification:_identify(navigation/config) by extension 'cmake'
[0.249s] Level 1:colcon.colcon_core.package_identification:_identify(navigation/config) by extension 'python'
[0.249s] Level 1:colcon.colcon_core.package_identification:_identify(navigation/config) by extensions ['python_setup_py']
[0.249s] Level 1:colcon.colcon_core.package_identification:_identify(navigation/config) by extension 'python_setup_py'
[0.249s] Level 1:colcon.colcon_core.package_identification:_identify(perception) by extensions ['ignore', 'ignore_ament_install']
[0.249s] Level 1:colcon.colcon_core.package_identification:_identify(perception) by extension 'ignore'
[0.249s] Level 1:colcon.colcon_core.package_identification:_identify(perception) by extension 'ignore_ament_install'
[0.249s] Level 1:colcon.colcon_core.package_identification:_identify(perception) by extensions ['colcon_pkg']
[0.249s] Level 1:colcon.colcon_core.package_identification:_identify(perception) by extension 'colcon_pkg'
[0.250s] Level 1:colcon.colcon_core.package_identification:_identify(perception) by extensions ['colcon_meta']
[0.250s] Level 1:colcon.colcon_core.package_identification:_identify(perception) by extension 'colcon_meta'
[0.250s] Level 1:colcon.colcon_core.package_identification:_identify(perception) by extensions ['ros']
[0.250s] Level 1:colcon.colcon_core.package_identification:_identify(perception) by extension 'ros'
[0.250s] Level 1:colcon.colcon_core.package_identification:_identify(perception) by extensions ['cmake', 'python']
[0.250s] Level 1:colcon.colcon_core.package_identification:_identify(perception) by extension 'cmake'
[0.250s] Level 1:colcon.colcon_core.package_identification:_identify(perception) by extension 'python'
[0.250s] Level 1:colcon.colcon_core.package_identification:_identify(perception) by extensions ['python_setup_py']
[0.250s] Level 1:colcon.colcon_core.package_identification:_identify(perception) by extension 'python_setup_py'
[0.250s] Level 1:colcon.colcon_core.package_identification:_identify(perception/config) by extensions ['ignore', 'ignore_ament_install']
[0.250s] Level 1:colcon.colcon_core.package_identification:_identify(perception/config) by extension 'ignore'
[0.250s] Level 1:colcon.colcon_core.package_identification:_identify(perception/config) by extension 'ignore_ament_install'
[0.250s] Level 1:colcon.colcon_core.package_identification:_identify(perception/config) by extensions ['colcon_pkg']
[0.250s] Level 1:colcon.colcon_core.package_identification:_identify(perception/config) by extension 'colcon_pkg'
[0.250s] Level 1:colcon.colcon_core.package_identification:_identify(perception/config) by extensions ['colcon_meta']
[0.250s] Level 1:colcon.colcon_core.package_identification:_identify(perception/config) by extension 'colcon_meta'
[0.250s] Level 1:colcon.colcon_core.package_identification:_identify(perception/config) by extensions ['ros']
[0.250s] Level 1:colcon.colcon_core.package_identification:_identify(perception/config) by extension 'ros'
[0.250s] Level 1:colcon.colcon_core.package_identification:_identify(perception/config) by extensions ['cmake', 'python']
[0.251s] Level 1:colcon.colcon_core.package_identification:_identify(perception/config) by extension 'cmake'
[0.251s] Level 1:colcon.colcon_core.package_identification:_identify(perception/config) by extension 'python'
[0.251s] Level 1:colcon.colcon_core.package_identification:_identify(perception/config) by extensions ['python_setup_py']
[0.251s] Level 1:colcon.colcon_core.package_identification:_identify(perception/config) by extension 'python_setup_py'
[0.251s] Level 1:colcon.colcon_core.package_identification:_identify(perception/launch) by extensions ['ignore', 'ignore_ament_install']
[0.251s] Level 1:colcon.colcon_core.package_identification:_identify(perception/launch) by extension 'ignore'
[0.251s] Level 1:colcon.colcon_core.package_identification:_identify(perception/launch) by extension 'ignore_ament_install'
[0.251s] Level 1:colcon.colcon_core.package_identification:_identify(perception/launch) by extensions ['colcon_pkg']
[0.251s] Level 1:colcon.colcon_core.package_identification:_identify(perception/launch) by extension 'colcon_pkg'
[0.251s] Level 1:colcon.colcon_core.package_identification:_identify(perception/launch) by extensions ['colcon_meta']
[0.251s] Level 1:colcon.colcon_core.package_identification:_identify(perception/launch) by extension 'colcon_meta'
[0.251s] Level 1:colcon.colcon_core.package_identification:_identify(perception/launch) by extensions ['ros']
[0.251s] Level 1:colcon.colcon_core.package_identification:_identify(perception/launch) by extension 'ros'
[0.251s] Level 1:colcon.colcon_core.package_identification:_identify(perception/launch) by extensions ['cmake', 'python']
[0.251s] Level 1:colcon.colcon_core.package_identification:_identify(perception/launch) by extension 'cmake'
[0.251s] Level 1:colcon.colcon_core.package_identification:_identify(perception/launch) by extension 'python'
[0.251s] Level 1:colcon.colcon_core.package_identification:_identify(perception/launch) by extensions ['python_setup_py']
[0.251s] Level 1:colcon.colcon_core.package_identification:_identify(perception/launch) by extension 'python_setup_py'
[0.251s] Level 1:colcon.colcon_core.package_identification:_identify(slam) by extensions ['ignore', 'ignore_ament_install']
[0.252s] Level 1:colcon.colcon_core.package_identification:_identify(slam) by extension 'ignore'
[0.252s] Level 1:colcon.colcon_core.package_identification:_identify(slam) by extension 'ignore_ament_install'
[0.252s] Level 1:colcon.colcon_core.package_identification:_identify(slam) by extensions ['colcon_pkg']
[0.252s] Level 1:colcon.colcon_core.package_identification:_identify(slam) by extension 'colcon_pkg'
[0.252s] Level 1:colcon.colcon_core.package_identification:_identify(slam) by extensions ['colcon_meta']
[0.252s] Level 1:colcon.colcon_core.package_identification:_identify(slam) by extension 'colcon_meta'
[0.252s] Level 1:colcon.colcon_core.package_identification:_identify(slam) by extensions ['ros']
[0.252s] Level 1:colcon.colcon_core.package_identification:_identify(slam) by extension 'ros'
[0.252s] Level 1:colcon.colcon_core.package_identification:_identify(slam) by extensions ['cmake', 'python']
[0.252s] Level 1:colcon.colcon_core.package_identification:_identify(slam) by extension 'cmake'
[0.252s] Level 1:colcon.colcon_core.package_identification:_identify(slam) by extension 'python'
[0.252s] Level 1:colcon.colcon_core.package_identification:_identify(slam) by extensions ['python_setup_py']
[0.252s] Level 1:colcon.colcon_core.package_identification:_identify(slam) by extension 'python_setup_py'
[0.252s] Level 1:colcon.colcon_core.package_identification:_identify(slam/config) by extensions ['ignore', 'ignore_ament_install']
[0.252s] Level 1:colcon.colcon_core.package_identification:_identify(slam/config) by extension 'ignore'
[0.252s] Level 1:colcon.colcon_core.package_identification:_identify(slam/config) by extension 'ignore_ament_install'
[0.252s] Level 1:colcon.colcon_core.package_identification:_identify(slam/config) by extensions ['colcon_pkg']
[0.252s] Level 1:colcon.colcon_core.package_identification:_identify(slam/config) by extension 'colcon_pkg'
[0.252s] Level 1:colcon.colcon_core.package_identification:_identify(slam/config) by extensions ['colcon_meta']
[0.252s] Level 1:colcon.colcon_core.package_identification:_identify(slam/config) by extension 'colcon_meta'
[0.252s] Level 1:colcon.colcon_core.package_identification:_identify(slam/config) by extensions ['ros']
[0.253s] Level 1:colcon.colcon_core.package_identification:_identify(slam/config) by extension 'ros'
[0.253s] Level 1:colcon.colcon_core.package_identification:_identify(slam/config) by extensions ['cmake', 'python']
[0.253s] Level 1:colcon.colcon_core.package_identification:_identify(slam/config) by extension 'cmake'
[0.253s] Level 1:colcon.colcon_core.package_identification:_identify(slam/config) by extension 'python'
[0.253s] Level 1:colcon.colcon_core.package_identification:_identify(slam/config) by extensions ['python_setup_py']
[0.253s] Level 1:colcon.colcon_core.package_identification:_identify(slam/config) by extension 'python_setup_py'
[0.253s] Level 1:colcon.colcon_core.package_identification:_identify(slam/launch) by extensions ['ignore', 'ignore_ament_install']
[0.253s] Level 1:colcon.colcon_core.package_identification:_identify(slam/launch) by extension 'ignore'
[0.253s] Level 1:colcon.colcon_core.package_identification:_identify(slam/launch) by extension 'ignore_ament_install'
[0.253s] Level 1:colcon.colcon_core.package_identification:_identify(slam/launch) by extensions ['colcon_pkg']
[0.253s] Level 1:colcon.colcon_core.package_identification:_identify(slam/launch) by extension 'colcon_pkg'
[0.253s] Level 1:colcon.colcon_core.package_identification:_identify(slam/launch) by extensions ['colcon_meta']
[0.253s] Level 1:colcon.colcon_core.package_identification:_identify(slam/launch) by extension 'colcon_meta'
[0.253s] Level 1:colcon.colcon_core.package_identification:_identify(slam/launch) by extensions ['ros']
[0.253s] Level 1:colcon.colcon_core.package_identification:_identify(slam/launch) by extension 'ros'
[0.253s] Level 1:colcon.colcon_core.package_identification:_identify(slam/launch) by extensions ['cmake', 'python']
[0.253s] Level 1:colcon.colcon_core.package_identification:_identify(slam/launch) by extension 'cmake'
[0.253s] Level 1:colcon.colcon_core.package_identification:_identify(slam/launch) by extension 'python'
[0.253s] Level 1:colcon.colcon_core.package_identification:_identify(slam/launch) by extensions ['python_setup_py']
[0.253s] Level 1:colcon.colcon_core.package_identification:_identify(slam/launch) by extension 'python_setup_py'
[0.254s] Level 1:colcon.colcon_core.package_identification:_identify(slam/map) by extensions ['ignore', 'ignore_ament_install']
[0.254s] Level 1:colcon.colcon_core.package_identification:_identify(slam/map) by extension 'ignore'
[0.254s] Level 1:colcon.colcon_core.package_identification:_identify(slam/map) by extension 'ignore_ament_install'
[0.254s] Level 1:colcon.colcon_core.package_identification:_identify(slam/map) by extensions ['colcon_pkg']
[0.254s] Level 1:colcon.colcon_core.package_identification:_identify(slam/map) by extension 'colcon_pkg'
[0.254s] Level 1:colcon.colcon_core.package_identification:_identify(slam/map) by extensions ['colcon_meta']
[0.254s] Level 1:colcon.colcon_core.package_identification:_identify(slam/map) by extension 'colcon_meta'
[0.254s] Level 1:colcon.colcon_core.package_identification:_identify(slam/map) by extensions ['ros']
[0.254s] Level 1:colcon.colcon_core.package_identification:_identify(slam/map) by extension 'ros'
[0.254s] Level 1:colcon.colcon_core.package_identification:_identify(slam/map) by extensions ['cmake', 'python']
[0.254s] Level 1:colcon.colcon_core.package_identification:_identify(slam/map) by extension 'cmake'
[0.254s] Level 1:colcon.colcon_core.package_identification:_identify(slam/map) by extension 'python'
[0.254s] Level 1:colcon.colcon_core.package_identification:_identify(slam/map) by extensions ['python_setup_py']
[0.254s] Level 1:colcon.colcon_core.package_identification:_identify(slam/map) by extension 'python_setup_py'
[0.254s] Level 1:colcon.colcon_core.package_identification:_identify(systems) by extensions ['ignore', 'ignore_ament_install']
[0.254s] Level 1:colcon.colcon_core.package_identification:_identify(systems) by extension 'ignore'
[0.254s] Level 1:colcon.colcon_core.package_identification:_identify(systems) by extension 'ignore_ament_install'
[0.255s] Level 1:colcon.colcon_core.package_identification:_identify(systems) by extensions ['colcon_pkg']
[0.255s] Level 1:colcon.colcon_core.package_identification:_identify(systems) by extension 'colcon_pkg'
[0.255s] Level 1:colcon.colcon_core.package_identification:_identify(systems) by extensions ['colcon_meta']
[0.255s] Level 1:colcon.colcon_core.package_identification:_identify(systems) by extension 'colcon_meta'
[0.255s] Level 1:colcon.colcon_core.package_identification:_identify(systems) by extensions ['ros']
[0.255s] Level 1:colcon.colcon_core.package_identification:_identify(systems) by extension 'ros'
[0.255s] Level 1:colcon.colcon_core.package_identification:_identify(systems) by extensions ['cmake', 'python']
[0.255s] Level 1:colcon.colcon_core.package_identification:_identify(systems) by extension 'cmake'
[0.255s] Level 1:colcon.colcon_core.package_identification:_identify(systems) by extension 'python'
[0.255s] Level 1:colcon.colcon_core.package_identification:_identify(systems) by extensions ['python_setup_py']
[0.255s] Level 1:colcon.colcon_core.package_identification:_identify(systems) by extension 'python_setup_py'
[0.255s] Level 1:colcon.colcon_core.package_identification:_identify(systems/drivers) by extensions ['ignore', 'ignore_ament_install']
[0.255s] Level 1:colcon.colcon_core.package_identification:_identify(systems/drivers) by extension 'ignore'
[0.255s] Level 1:colcon.colcon_core.package_identification:_identify(systems/drivers) by extension 'ignore_ament_install'
[0.255s] Level 1:colcon.colcon_core.package_identification:_identify(systems/drivers) by extensions ['colcon_pkg']
[0.255s] Level 1:colcon.colcon_core.package_identification:_identify(systems/drivers) by extension 'colcon_pkg'
[0.255s] Level 1:colcon.colcon_core.package_identification:_identify(systems/drivers) by extensions ['colcon_meta']
[0.255s] Level 1:colcon.colcon_core.package_identification:_identify(systems/drivers) by extension 'colcon_meta'
[0.255s] Level 1:colcon.colcon_core.package_identification:_identify(systems/drivers) by extensions ['ros']
[0.255s] Level 1:colcon.colcon_core.package_identification:_identify(systems/drivers) by extension 'ros'
[0.255s] Level 1:colcon.colcon_core.package_identification:_identify(systems/drivers) by extensions ['cmake', 'python']
[0.256s] Level 1:colcon.colcon_core.package_identification:_identify(systems/drivers) by extension 'cmake'
[0.256s] Level 1:colcon.colcon_core.package_identification:_identify(systems/drivers) by extension 'python'
[0.256s] Level 1:colcon.colcon_core.package_identification:_identify(systems/drivers) by extensions ['python_setup_py']
[0.256s] Level 1:colcon.colcon_core.package_identification:_identify(systems/drivers) by extension 'python_setup_py'
[0.256s] Level 1:colcon.colcon_core.package_identification:_identify(systems/drivers/ackermann_drive_servo_arm) by extensions ['ignore', 'ignore_ament_install']
[0.256s] Level 1:colcon.colcon_core.package_identification:_identify(systems/drivers/ackermann_drive_servo_arm) by extension 'ignore'
[0.256s] Level 1:colcon.colcon_core.package_identification:_identify(systems/drivers/ackermann_drive_servo_arm) by extension 'ignore_ament_install'
[0.256s] Level 1:colcon.colcon_core.package_identification:_identify(systems/drivers/ackermann_drive_servo_arm) by extensions ['colcon_pkg']
[0.256s] Level 1:colcon.colcon_core.package_identification:_identify(systems/drivers/ackermann_drive_servo_arm) by extension 'colcon_pkg'
[0.256s] Level 1:colcon.colcon_core.package_identification:_identify(systems/drivers/ackermann_drive_servo_arm) by extensions ['colcon_meta']
[0.256s] Level 1:colcon.colcon_core.package_identification:_identify(systems/drivers/ackermann_drive_servo_arm) by extension 'colcon_meta'
[0.256s] Level 1:colcon.colcon_core.package_identification:_identify(systems/drivers/ackermann_drive_servo_arm) by extensions ['ros']
[0.256s] Level 1:colcon.colcon_core.package_identification:_identify(systems/drivers/ackermann_drive_servo_arm) by extension 'ros'
[0.257s] DEBUG:colcon.colcon_core.package_identification:Package 'systems/drivers/ackermann_drive_servo_arm' with type 'ros.ament_python' and name 'ackermann_drive_servo_arm'
[0.257s] Level 1:colcon.colcon_core.package_identification:_identify(systems/drivers/inertial_measurement_unit) by extensions ['ignore', 'ignore_ament_install']
[0.257s] Level 1:colcon.colcon_core.package_identification:_identify(systems/drivers/inertial_measurement_unit) by extension 'ignore'
[0.257s] Level 1:colcon.colcon_core.package_identification:_identify(systems/drivers/inertial_measurement_unit) by extension 'ignore_ament_install'
[0.257s] Level 1:colcon.colcon_core.package_identification:_identify(systems/drivers/inertial_measurement_unit) by extensions ['colcon_pkg']
[0.257s] Level 1:colcon.colcon_core.package_identification:_identify(systems/drivers/inertial_measurement_unit) by extension 'colcon_pkg'
[0.257s] Level 1:colcon.colcon_core.package_identification:_identify(systems/drivers/inertial_measurement_unit) by extensions ['colcon_meta']
[0.257s] Level 1:colcon.colcon_core.package_identification:_identify(systems/drivers/inertial_measurement_unit) by extension 'colcon_meta'
[0.258s] Level 1:colcon.colcon_core.package_identification:_identify(systems/drivers/inertial_measurement_unit) by extensions ['ros']
[0.258s] Level 1:colcon.colcon_core.package_identification:_identify(systems/drivers/inertial_measurement_unit) by extension 'ros'
[0.258s] DEBUG:colcon.colcon_core.package_identification:Package 'systems/drivers/inertial_measurement_unit' with type 'ros.ament_python' and name 'inertial_measurement_unit'
[0.258s] Level 1:colcon.colcon_core.package_identification:_identify(thirdparty) by extensions ['ignore', 'ignore_ament_install']
[0.258s] Level 1:colcon.colcon_core.package_identification:_identify(thirdparty) by extension 'ignore'
[0.259s] Level 1:colcon.colcon_core.package_identification:_identify(thirdparty) by extension 'ignore_ament_install'
[0.259s] Level 1:colcon.colcon_core.package_identification:_identify(thirdparty) by extensions ['colcon_pkg']
[0.259s] Level 1:colcon.colcon_core.package_identification:_identify(thirdparty) by extension 'colcon_pkg'
[0.259s] Level 1:colcon.colcon_core.package_identification:_identify(thirdparty) by extensions ['colcon_meta']
[0.259s] Level 1:colcon.colcon_core.package_identification:_identify(thirdparty) by extension 'colcon_meta'
[0.259s] Level 1:colcon.colcon_core.package_identification:_identify(thirdparty) by extensions ['ros']
[0.259s] Level 1:colcon.colcon_core.package_identification:_identify(thirdparty) by extension 'ros'
[0.259s] Level 1:colcon.colcon_core.package_identification:_identify(thirdparty) by extensions ['cmake', 'python']
[0.259s] Level 1:colcon.colcon_core.package_identification:_identify(thirdparty) by extension 'cmake'
[0.259s] Level 1:colcon.colcon_core.package_identification:_identify(thirdparty) by extension 'python'
[0.259s] Level 1:colcon.colcon_core.package_identification:_identify(thirdparty) by extensions ['python_setup_py']
[0.259s] Level 1:colcon.colcon_core.package_identification:_identify(thirdparty) by extension 'python_setup_py'
[0.259s] Level 1:colcon.colcon_core.package_identification:_identify(thirdparty/YDLidar-SDK) by extensions ['ignore', 'ignore_ament_install']
[0.259s] Level 1:colcon.colcon_core.package_identification:_identify(thirdparty/YDLidar-SDK) by extension 'ignore'
[0.259s] Level 1:colcon.colcon_core.package_identification:_identify(thirdparty/YDLidar-SDK) by extension 'ignore_ament_install'
[0.259s] Level 1:colcon.colcon_core.package_identification:_identify(thirdparty/YDLidar-SDK) by extensions ['colcon_pkg']
[0.259s] Level 1:colcon.colcon_core.package_identification:_identify(thirdparty/YDLidar-SDK) by extension 'colcon_pkg'
[0.259s] Level 1:colcon.colcon_core.package_identification:_identify(thirdparty/YDLidar-SDK) by extensions ['colcon_meta']
[0.259s] Level 1:colcon.colcon_core.package_identification:_identify(thirdparty/YDLidar-SDK) by extension 'colcon_meta'
[0.260s] Level 1:colcon.colcon_core.package_identification:_identify(thirdparty/YDLidar-SDK) by extensions ['ros']
[0.260s] Level 1:colcon.colcon_core.package_identification:_identify(thirdparty/YDLidar-SDK) by extension 'ros'
[0.260s] Level 1:colcon.colcon_core.package_identification:_identify(thirdparty/YDLidar-SDK) by extensions ['cmake', 'python']
[0.260s] Level 1:colcon.colcon_core.package_identification:_identify(thirdparty/YDLidar-SDK) by extension 'cmake'
[0.282s] Level 1:colcon.colcon_core.package_identification:_identify(thirdparty/YDLidar-SDK) by extension 'python'
[0.282s] DEBUG:colcon.colcon_core.package_identification:Package 'thirdparty/YDLidar-SDK' with type 'cmake' and name 'ydlidar_sdk'
[0.283s] Level 1:colcon.colcon_core.package_identification:_identify(thirdparty/apriltag_ros) by extensions ['ignore', 'ignore_ament_install']
[0.283s] Level 1:colcon.colcon_core.package_identification:_identify(thirdparty/apriltag_ros) by extension 'ignore'
[0.283s] Level 1:colcon.colcon_core.package_identification:_identify(thirdparty/apriltag_ros) by extension 'ignore_ament_install'
[0.283s] Level 1:colcon.colcon_core.package_identification:_identify(thirdparty/apriltag_ros) by extensions ['colcon_pkg']
[0.283s] Level 1:colcon.colcon_core.package_identification:_identify(thirdparty/apriltag_ros) by extension 'colcon_pkg'
[0.283s] Level 1:colcon.colcon_core.package_identification:_identify(thirdparty/apriltag_ros) by extensions ['colcon_meta']
[0.283s] Level 1:colcon.colcon_core.package_identification:_identify(thirdparty/apriltag_ros) by extension 'colcon_meta'
[0.283s] Level 1:colcon.colcon_core.package_identification:_identify(thirdparty/apriltag_ros) by extensions ['ros']
[0.283s] Level 1:colcon.colcon_core.package_identification:_identify(thirdparty/apriltag_ros) by extension 'ros'
[0.283s] Level 1:colcon.colcon_core.package_identification:_identify(thirdparty/apriltag_ros) by extensions ['cmake', 'python']
[0.283s] Level 1:colcon.colcon_core.package_identification:_identify(thirdparty/apriltag_ros) by extension 'cmake'
[0.283s] Level 1:colcon.colcon_core.package_identification:_identify(thirdparty/apriltag_ros) by extension 'python'
[0.283s] Level 1:colcon.colcon_core.package_identification:_identify(thirdparty/apriltag_ros) by extensions ['python_setup_py']
[0.283s] Level 1:colcon.colcon_core.package_identification:_identify(thirdparty/apriltag_ros) by extension 'python_setup_py'
[0.283s] Level 1:colcon.colcon_core.package_identification:_identify(thirdparty/apriltag_ros/apriltag_ros) by extensions ['ignore', 'ignore_ament_install']
[0.284s] Level 1:colcon.colcon_core.package_identification:_identify(thirdparty/apriltag_ros/apriltag_ros) by extension 'ignore'
[0.284s] Level 1:colcon.colcon_core.package_identification:_identify(thirdparty/apriltag_ros/apriltag_ros) by extension 'ignore_ament_install'
[0.284s] Level 1:colcon.colcon_core.package_identification:_identify(thirdparty/apriltag_ros/apriltag_ros) by extensions ['colcon_pkg']
[0.284s] Level 1:colcon.colcon_core.package_identification:_identify(thirdparty/apriltag_ros/apriltag_ros) by extension 'colcon_pkg'
[0.284s] Level 1:colcon.colcon_core.package_identification:_identify(thirdparty/apriltag_ros/apriltag_ros) by extensions ['colcon_meta']
[0.284s] Level 1:colcon.colcon_core.package_identification:_identify(thirdparty/apriltag_ros/apriltag_ros) by extension 'colcon_meta'
[0.284s] Level 1:colcon.colcon_core.package_identification:_identify(thirdparty/apriltag_ros/apriltag_ros) by extensions ['ros']
[0.284s] Level 1:colcon.colcon_core.package_identification:_identify(thirdparty/apriltag_ros/apriltag_ros) by extension 'ros'
[0.286s] DEBUG:colcon.colcon_core.package_identification:Package 'thirdparty/apriltag_ros/apriltag_ros' with type 'ros.catkin' and name 'apriltag_ros'
[0.286s] Level 1:colcon.colcon_core.package_identification:_identify(thirdparty/moveit2) by extensions ['ignore', 'ignore_ament_install']
[0.286s] Level 1:colcon.colcon_core.package_identification:_identify(thirdparty/moveit2) by extension 'ignore'
[0.286s] Level 1:colcon.colcon_core.package_identification:_identify(thirdparty/moveit2) by extension 'ignore_ament_install'
[0.286s] Level 1:colcon.colcon_core.package_identification:_identify(thirdparty/moveit2) by extensions ['colcon_pkg']
[0.286s] Level 1:colcon.colcon_core.package_identification:_identify(thirdparty/moveit2) by extension 'colcon_pkg'
[0.286s] Level 1:colcon.colcon_core.package_identification:_identify(thirdparty/moveit2) by extensions ['colcon_meta']
[0.286s] Level 1:colcon.colcon_core.package_identification:_identify(thirdparty/moveit2) by extension 'colcon_meta'
[0.286s] Level 1:colcon.colcon_core.package_identification:_identify(thirdparty/moveit2) by extensions ['ros']
[0.286s] Level 1:colcon.colcon_core.package_identification:_identify(thirdparty/moveit2) by extension 'ros'
[0.286s] Level 1:colcon.colcon_core.package_identification:_identify(thirdparty/moveit2) by extensions ['cmake', 'python']
[0.286s] Level 1:colcon.colcon_core.package_identification:_identify(thirdparty/moveit2) by extension 'cmake'
[0.286s] Level 1:colcon.colcon_core.package_identification:_identify(thirdparty/moveit2) by extension 'python'
[0.286s] Level 1:colcon.colcon_core.package_identification:_identify(thirdparty/moveit2) by extensions ['python_setup_py']
[0.286s] Level 1:colcon.colcon_core.package_identification:_identify(thirdparty/moveit2) by extension 'python_setup_py'
[0.287s] Level 1:colcon.colcon_core.package_identification:_identify(thirdparty/moveit2/doc) by extensions ['ignore', 'ignore_ament_install']
[0.287s] Level 1:colcon.colcon_core.package_identification:_identify(thirdparty/moveit2/doc) by extension 'ignore'
[0.287s] Level 1:colcon.colcon_core.package_identification:_identify(thirdparty/moveit2/doc) by extension 'ignore_ament_install'
[0.287s] Level 1:colcon.colcon_core.package_identification:_identify(thirdparty/moveit2/doc) by extensions ['colcon_pkg']
[0.287s] Level 1:colcon.colcon_core.package_identification:_identify(thirdparty/moveit2/doc) by extension 'colcon_pkg'
[0.287s] Level 1:colcon.colcon_core.package_identification:_identify(thirdparty/moveit2/doc) by extensions ['colcon_meta']
[0.287s] Level 1:colcon.colcon_core.package_identification:_identify(thirdparty/moveit2/doc) by extension 'colcon_meta'
[0.287s] Level 1:colcon.colcon_core.package_identification:_identify(thirdparty/moveit2/doc) by extensions ['ros']
[0.287s] Level 1:colcon.colcon_core.package_identification:_identify(thirdparty/moveit2/doc) by extension 'ros'
[0.287s] Level 1:colcon.colcon_core.package_identification:_identify(thirdparty/moveit2/doc) by extensions ['cmake', 'python']
[0.287s] Level 1:colcon.colcon_core.package_identification:_identify(thirdparty/moveit2/doc) by extension 'cmake'
[0.287s] Level 1:colcon.colcon_core.package_identification:_identify(thirdparty/moveit2/doc) by extension 'python'
[0.287s] Level 1:colcon.colcon_core.package_identification:_identify(thirdparty/moveit2/doc) by extensions ['python_setup_py']
[0.287s] Level 1:colcon.colcon_core.package_identification:_identify(thirdparty/moveit2/doc) by extension 'python_setup_py'
[0.287s] Level 1:colcon.colcon_core.package_identification:_identify(thirdparty/moveit2/moveit) by extensions ['ignore', 'ignore_ament_install']
[0.287s] Level 1:colcon.colcon_core.package_identification:_identify(thirdparty/moveit2/moveit) by extension 'ignore'
[0.287s] Level 1:colcon.colcon_core.package_identification:_identify(thirdparty/moveit2/moveit) by extension 'ignore_ament_install'
[0.288s] Level 1:colcon.colcon_core.package_identification:_identify(thirdparty/moveit2/moveit) by extensions ['colcon_pkg']
[0.288s] Level 1:colcon.colcon_core.package_identification:_identify(thirdparty/moveit2/moveit) by extension 'colcon_pkg'
[0.288s] Level 1:colcon.colcon_core.package_identification:_identify(thirdparty/moveit2/moveit) by extensions ['colcon_meta']
[0.288s] Level 1:colcon.colcon_core.package_identification:_identify(thirdparty/moveit2/moveit) by extension 'colcon_meta'
[0.288s] Level 1:colcon.colcon_core.package_identification:_identify(thirdparty/moveit2/moveit) by extensions ['ros']
[0.288s] Level 1:colcon.colcon_core.package_identification:_identify(thirdparty/moveit2/moveit) by extension 'ros'
[0.289s] DEBUG:colcon.colcon_core.package_identification:Package 'thirdparty/moveit2/moveit' with type 'ros.ament_cmake' and name 'moveit'
[0.289s] Level 1:colcon.colcon_core.package_identification:_identify(thirdparty/moveit2/moveit_common) by extensions ['ignore', 'ignore_ament_install']
[0.289s] Level 1:colcon.colcon_core.package_identification:_identify(thirdparty/moveit2/moveit_common) by extension 'ignore'
[0.289s] Level 1:colcon.colcon_core.package_identification:_identify(thirdparty/moveit2/moveit_common) by extension 'ignore_ament_install'
[0.289s] Level 1:colcon.colcon_core.package_identification:_identify(thirdparty/moveit2/moveit_common) by extensions ['colcon_pkg']
[0.289s] Level 1:colcon.colcon_core.package_identification:_identify(thirdparty/moveit2/moveit_common) by extension 'colcon_pkg'
[0.289s] Level 1:colcon.colcon_core.package_identification:_identify(thirdparty/moveit2/moveit_common) by extensions ['colcon_meta']
[0.289s] Level 1:colcon.colcon_core.package_identification:_identify(thirdparty/moveit2/moveit_common) by extension 'colcon_meta'
[0.289s] Level 1:colcon.colcon_core.package_identification:_identify(thirdparty/moveit2/moveit_common) by extensions ['ros']
[0.289s] Level 1:colcon.colcon_core.package_identification:_identify(thirdparty/moveit2/moveit_common) by extension 'ros'
[0.290s] DEBUG:colcon.colcon_core.package_identification:Package 'thirdparty/moveit2/moveit_common' with type 'ros.ament_cmake' and name 'moveit_common'
[0.290s] Level 1:colcon.colcon_core.package_identification:_identify(thirdparty/moveit2/moveit_configs_utils) by extensions ['ignore', 'ignore_ament_install']
[0.290s] Level 1:colcon.colcon_core.package_identification:_identify(thirdparty/moveit2/moveit_configs_utils) by extension 'ignore'
[0.290s] Level 1:colcon.colcon_core.package_identification:_identify(thirdparty/moveit2/moveit_configs_utils) by extension 'ignore_ament_install'
[0.290s] Level 1:colcon.colcon_core.package_identification:_identify(thirdparty/moveit2/moveit_configs_utils) by extensions ['colcon_pkg']
[0.290s] Level 1:colcon.colcon_core.package_identification:_identify(thirdparty/moveit2/moveit_configs_utils) by extension 'colcon_pkg'
[0.290s] Level 1:colcon.colcon_core.package_identification:_identify(thirdparty/moveit2/moveit_configs_utils) by extensions ['colcon_meta']
[0.290s] Level 1:colcon.colcon_core.package_identification:_identify(thirdparty/moveit2/moveit_configs_utils) by extension 'colcon_meta'
[0.290s] Level 1:colcon.colcon_core.package_identification:_identify(thirdparty/moveit2/moveit_configs_utils) by extensions ['ros']
[0.290s] Level 1:colcon.colcon_core.package_identification:_identify(thirdparty/moveit2/moveit_configs_utils) by extension 'ros'
[0.291s] DEBUG:colcon.colcon_core.package_identification:Package 'thirdparty/moveit2/moveit_configs_utils' with type 'ros.ament_python' and name 'moveit_configs_utils'
[0.291s] Level 1:colcon.colcon_core.package_identification:_identify(thirdparty/moveit2/moveit_core) by extensions ['ignore', 'ignore_ament_install']
[0.291s] Level 1:colcon.colcon_core.package_identification:_identify(thirdparty/moveit2/moveit_core) by extension 'ignore'
[0.291s] Level 1:colcon.colcon_core.package_identification:_identify(thirdparty/moveit2/moveit_core) by extension 'ignore_ament_install'
[0.291s] Level 1:colcon.colcon_core.package_identification:_identify(thirdparty/moveit2/moveit_core) by extensions ['colcon_pkg']
[0.291s] Level 1:colcon.colcon_core.package_identification:_identify(thirdparty/moveit2/moveit_core) by extension 'colcon_pkg'
[0.291s] Level 1:colcon.colcon_core.package_identification:_identify(thirdparty/moveit2/moveit_core) by extensions ['colcon_meta']
[0.291s] Level 1:colcon.colcon_core.package_identification:_identify(thirdparty/moveit2/moveit_core) by extension 'colcon_meta'
[0.291s] Level 1:colcon.colcon_core.package_identification:_identify(thirdparty/moveit2/moveit_core) by extensions ['ros']
[0.291s] Level 1:colcon.colcon_core.package_identification:_identify(thirdparty/moveit2/moveit_core) by extension 'ros'
[0.295s] DEBUG:colcon.colcon_core.package_identification:Package 'thirdparty/moveit2/moveit_core' with type 'ros.ament_cmake' and name 'moveit_core'
[0.296s] Level 1:colcon.colcon_core.package_identification:_identify(thirdparty/moveit2/moveit_kinematics) by extensions ['ignore', 'ignore_ament_install']
[0.296s] Level 1:colcon.colcon_core.package_identification:_identify(thirdparty/moveit2/moveit_kinematics) by extension 'ignore'
[0.296s] Level 1:colcon.colcon_core.package_identification:_identify(thirdparty/moveit2/moveit_kinematics) by extension 'ignore_ament_install'
[0.296s] Level 1:colcon.colcon_core.package_identification:_identify(thirdparty/moveit2/moveit_kinematics) by extensions ['colcon_pkg']
[0.296s] Level 1:colcon.colcon_core.package_identification:_identify(thirdparty/moveit2/moveit_kinematics) by extension 'colcon_pkg'
[0.296s] Level 1:colcon.colcon_core.package_identification:_identify(thirdparty/moveit2/moveit_kinematics) by extensions ['colcon_meta']
[0.296s] Level 1:colcon.colcon_core.package_identification:_identify(thirdparty/moveit2/moveit_kinematics) by extension 'colcon_meta'
[0.296s] Level 1:colcon.colcon_core.package_identification:_identify(thirdparty/moveit2/moveit_kinematics) by extensions ['ros']
[0.296s] Level 1:colcon.colcon_core.package_identification:_identify(thirdparty/moveit2/moveit_kinematics) by extension 'ros'
[0.298s] DEBUG:colcon.colcon_core.package_identification:Package 'thirdparty/moveit2/moveit_kinematics' with type 'ros.ament_cmake' and name 'moveit_kinematics'
[0.298s] Level 1:colcon.colcon_core.package_identification:_identify(thirdparty/moveit2/moveit_planners) by extensions ['ignore', 'ignore_ament_install']
[0.298s] Level 1:colcon.colcon_core.package_identification:_identify(thirdparty/moveit2/moveit_planners) by extension 'ignore'
[0.298s] Level 1:colcon.colcon_core.package_identification:_identify(thirdparty/moveit2/moveit_planners) by extension 'ignore_ament_install'
[0.298s] Level 1:colcon.colcon_core.package_identification:_identify(thirdparty/moveit2/moveit_planners) by extensions ['colcon_pkg']
[0.298s] Level 1:colcon.colcon_core.package_identification:_identify(thirdparty/moveit2/moveit_planners) by extension 'colcon_pkg'
[0.298s] Level 1:colcon.colcon_core.package_identification:_identify(thirdparty/moveit2/moveit_planners) by extensions ['colcon_meta']
[0.298s] Level 1:colcon.colcon_core.package_identification:_identify(thirdparty/moveit2/moveit_planners) by extension 'colcon_meta'
[0.298s] Level 1:colcon.colcon_core.package_identification:_identify(thirdparty/moveit2/moveit_planners) by extensions ['ros']
[0.298s] Level 1:colcon.colcon_core.package_identification:_identify(thirdparty/moveit2/moveit_planners) by extension 'ros'
[0.298s] Level 1:colcon.colcon_core.package_identification:_identify(thirdparty/moveit2/moveit_planners) by extensions ['cmake', 'python']
[0.298s] Level 1:colcon.colcon_core.package_identification:_identify(thirdparty/moveit2/moveit_planners) by extension 'cmake'
[0.298s] Level 1:colcon.colcon_core.package_identification:_identify(thirdparty/moveit2/moveit_planners) by extension 'python'
[0.298s] Level 1:colcon.colcon_core.package_identification:_identify(thirdparty/moveit2/moveit_planners) by extensions ['python_setup_py']
[0.298s] Level 1:colcon.colcon_core.package_identification:_identify(thirdparty/moveit2/moveit_planners) by extension 'python_setup_py'
[0.299s] Level 1:colcon.colcon_core.package_identification:_identify(thirdparty/moveit2/moveit_planners/chomp) by extensions ['ignore', 'ignore_ament_install']
[0.299s] Level 1:colcon.colcon_core.package_identification:_identify(thirdparty/moveit2/moveit_planners/chomp) by extension 'ignore'
[0.299s] Level 1:colcon.colcon_core.package_identification:_identify(thirdparty/moveit2/moveit_planners/chomp) by extension 'ignore_ament_install'
[0.299s] Level 1:colcon.colcon_core.package_identification:_identify(thirdparty/moveit2/moveit_planners/chomp) by extensions ['colcon_pkg']
[0.299s] Level 1:colcon.colcon_core.package_identification:_identify(thirdparty/moveit2/moveit_planners/chomp) by extension 'colcon_pkg'
[0.299s] Level 1:colcon.colcon_core.package_identification:_identify(thirdparty/moveit2/moveit_planners/chomp) by extensions ['colcon_meta']
[0.299s] Level 1:colcon.colcon_core.package_identification:_identify(thirdparty/moveit2/moveit_planners/chomp) by extension 'colcon_meta'
[0.299s] Level 1:colcon.colcon_core.package_identification:_identify(thirdparty/moveit2/moveit_planners/chomp) by extensions ['ros']
[0.299s] Level 1:colcon.colcon_core.package_identification:_identify(thirdparty/moveit2/moveit_planners/chomp) by extension 'ros'
[0.299s] Level 1:colcon.colcon_core.package_identification:_identify(thirdparty/moveit2/moveit_planners/chomp) by extensions ['cmake', 'python']
[0.299s] Level 1:colcon.colcon_core.package_identification:_identify(thirdparty/moveit2/moveit_planners/chomp) by extension 'cmake'
[0.299s] Level 1:colcon.colcon_core.package_identification:_identify(thirdparty/moveit2/moveit_planners/chomp) by extension 'python'
[0.299s] Level 1:colcon.colcon_core.package_identification:_identify(thirdparty/moveit2/moveit_planners/chomp) by extensions ['python_setup_py']
[0.299s] Level 1:colcon.colcon_core.package_identification:_identify(thirdparty/moveit2/moveit_planners/chomp) by extension 'python_setup_py'
[0.299s] Level 1:colcon.colcon_core.package_identification:_identify(thirdparty/moveit2/moveit_planners/chomp/chomp_interface) by extensions ['ignore', 'ignore_ament_install']
[0.299s] Level 1:colcon.colcon_core.package_identification:_identify(thirdparty/moveit2/moveit_planners/chomp/chomp_interface) by extension 'ignore'
[0.299s] Level 1:colcon.colcon_core.package_identification:_identify(thirdparty/moveit2/moveit_planners/chomp/chomp_interface) by extension 'ignore_ament_install'
[0.300s] Level 1:colcon.colcon_core.package_identification:_identify(thirdparty/moveit2/moveit_planners/chomp/chomp_interface) by extensions ['colcon_pkg']
[0.300s] Level 1:colcon.colcon_core.package_identification:_identify(thirdparty/moveit2/moveit_planners/chomp/chomp_interface) by extension 'colcon_pkg'
[0.300s] Level 1:colcon.colcon_core.package_identification:_identify(thirdparty/moveit2/moveit_planners/chomp/chomp_interface) by extensions ['colcon_meta']
[0.300s] Level 1:colcon.colcon_core.package_identification:_identify(thirdparty/moveit2/moveit_planners/chomp/chomp_interface) by extension 'colcon_meta'
[0.300s] Level 1:colcon.colcon_core.package_identification:_identify(thirdparty/moveit2/moveit_planners/chomp/chomp_interface) by extensions ['ros']
[0.300s] Level 1:colcon.colcon_core.package_identification:_identify(thirdparty/moveit2/moveit_planners/chomp/chomp_interface) by extension 'ros'
[0.301s] DEBUG:colcon.colcon_core.package_identification:Package 'thirdparty/moveit2/moveit_planners/chomp/chomp_interface' with type 'ros.ament_cmake' and name 'moveit_planners_chomp'
[0.301s] Level 1:colcon.colcon_core.package_identification:_identify(thirdparty/moveit2/moveit_planners/chomp/chomp_motion_planner) by extensions ['ignore', 'ignore_ament_install']
[0.301s] Level 1:colcon.colcon_core.package_identification:_identify(thirdparty/moveit2/moveit_planners/chomp/chomp_motion_planner) by extension 'ignore'
[0.301s] Level 1:colcon.colcon_core.package_identification:_identify(thirdparty/moveit2/moveit_planners/chomp/chomp_motion_planner) by extension 'ignore_ament_install'
[0.301s] Level 1:colcon.colcon_core.package_identification:_identify(thirdparty/moveit2/moveit_planners/chomp/chomp_motion_planner) by extensions ['colcon_pkg']
[0.301s] Level 1:colcon.colcon_core.package_identification:_identify(thirdparty/moveit2/moveit_planners/chomp/chomp_motion_planner) by extension 'colcon_pkg'
[0.301s] Level 1:colcon.colcon_core.package_identification:_identify(thirdparty/moveit2/moveit_planners/chomp/chomp_motion_planner) by extensions ['colcon_meta']
[0.301s] Level 1:colcon.colcon_core.package_identification:_identify(thirdparty/moveit2/moveit_planners/chomp/chomp_motion_planner) by extension 'colcon_meta'
[0.301s] Level 1:colcon.colcon_core.package_identification:_identify(thirdparty/moveit2/moveit_planners/chomp/chomp_motion_planner) by extensions ['ros']
[0.301s] Level 1:colcon.colcon_core.package_identification:_identify(thirdparty/moveit2/moveit_planners/chomp/chomp_motion_planner) by extension 'ros'
[0.302s] DEBUG:colcon.colcon_core.package_identification:Package 'thirdparty/moveit2/moveit_planners/chomp/chomp_motion_planner' with type 'ros.ament_cmake' and name 'chomp_motion_planner'
[0.302s] Level 1:colcon.colcon_core.package_identification:_identify(thirdparty/moveit2/moveit_planners/moveit_planners) by extensions ['ignore', 'ignore_ament_install']
[0.302s] Level 1:colcon.colcon_core.package_identification:_identify(thirdparty/moveit2/moveit_planners/moveit_planners) by extension 'ignore'
[0.302s] Level 1:colcon.colcon_core.package_identification:_identify(thirdparty/moveit2/moveit_planners/moveit_planners) by extension 'ignore_ament_install'
[0.302s] Level 1:colcon.colcon_core.package_identification:_identify(thirdparty/moveit2/moveit_planners/moveit_planners) by extensions ['colcon_pkg']
[0.302s] Level 1:colcon.colcon_core.package_identification:_identify(thirdparty/moveit2/moveit_planners/moveit_planners) by extension 'colcon_pkg'
[0.302s] Level 1:colcon.colcon_core.package_identification:_identify(thirdparty/moveit2/moveit_planners/moveit_planners) by extensions ['colcon_meta']
[0.302s] Level 1:colcon.colcon_core.package_identification:_identify(thirdparty/moveit2/moveit_planners/moveit_planners) by extension 'colcon_meta'
[0.302s] Level 1:colcon.colcon_core.package_identification:_identify(thirdparty/moveit2/moveit_planners/moveit_planners) by extensions ['ros']
[0.302s] Level 1:colcon.colcon_core.package_identification:_identify(thirdparty/moveit2/moveit_planners/moveit_planners) by extension 'ros'
[0.303s] DEBUG:colcon.colcon_core.package_identification:Package 'thirdparty/moveit2/moveit_planners/moveit_planners' with type 'ros.ament_cmake' and name 'moveit_planners'
[0.303s] Level 1:colcon.colcon_core.package_identification:_identify(thirdparty/moveit2/moveit_planners/ompl) by extensions ['ignore', 'ignore_ament_install']
[0.303s] Level 1:colcon.colcon_core.package_identification:_identify(thirdparty/moveit2/moveit_planners/ompl) by extension 'ignore'
[0.303s] Level 1:colcon.colcon_core.package_identification:_identify(thirdparty/moveit2/moveit_planners/ompl) by extension 'ignore_ament_install'
[0.303s] Level 1:colcon.colcon_core.package_identification:_identify(thirdparty/moveit2/moveit_planners/ompl) by extensions ['colcon_pkg']
[0.303s] Level 1:colcon.colcon_core.package_identification:_identify(thirdparty/moveit2/moveit_planners/ompl) by extension 'colcon_pkg'
[0.303s] Level 1:colcon.colcon_core.package_identification:_identify(thirdparty/moveit2/moveit_planners/ompl) by extensions ['colcon_meta']
[0.303s] Level 1:colcon.colcon_core.package_identification:_identify(thirdparty/moveit2/moveit_planners/ompl) by extension 'colcon_meta'
[0.304s] Level 1:colcon.colcon_core.package_identification:_identify(thirdparty/moveit2/moveit_planners/ompl) by extensions ['ros']
[0.304s] Level 1:colcon.colcon_core.package_identification:_identify(thirdparty/moveit2/moveit_planners/ompl) by extension 'ros'
[0.305s] DEBUG:colcon.colcon_core.package_identification:Package 'thirdparty/moveit2/moveit_planners/ompl' with type 'ros.ament_cmake' and name 'moveit_planners_ompl'
[0.305s] Level 1:colcon.colcon_core.package_identification:_identify(thirdparty/moveit2/moveit_planners/pilz_industrial_motion_planner) by extensions ['ignore', 'ignore_ament_install']
[0.305s] Level 1:colcon.colcon_core.package_identification:_identify(thirdparty/moveit2/moveit_planners/pilz_industrial_motion_planner) by extension 'ignore'
[0.305s] Level 1:colcon.colcon_core.package_identification:_identify(thirdparty/moveit2/moveit_planners/pilz_industrial_motion_planner) by extension 'ignore_ament_install'
[0.305s] Level 1:colcon.colcon_core.package_identification:_identify(thirdparty/moveit2/moveit_planners/pilz_industrial_motion_planner) by extensions ['colcon_pkg']
[0.305s] Level 1:colcon.colcon_core.package_identification:_identify(thirdparty/moveit2/moveit_planners/pilz_industrial_motion_planner) by extension 'colcon_pkg'
[0.305s] Level 1:colcon.colcon_core.package_identification:_identify(thirdparty/moveit2/moveit_planners/pilz_industrial_motion_planner) by extensions ['colcon_meta']
[0.305s] Level 1:colcon.colcon_core.package_identification:_identify(thirdparty/moveit2/moveit_planners/pilz_industrial_motion_planner) by extension 'colcon_meta'
[0.305s] Level 1:colcon.colcon_core.package_identification:_identify(thirdparty/moveit2/moveit_planners/pilz_industrial_motion_planner) by extensions ['ros']
[0.306s] Level 1:colcon.colcon_core.package_identification:_identify(thirdparty/moveit2/moveit_planners/pilz_industrial_motion_planner) by extension 'ros'
[0.307s] DEBUG:colcon.colcon_core.package_identification:Package 'thirdparty/moveit2/moveit_planners/pilz_industrial_motion_planner' with type 'ros.ament_cmake' and name 'pilz_industrial_motion_planner'
[0.308s] Level 1:colcon.colcon_core.package_identification:_identify(thirdparty/moveit2/moveit_planners/pilz_industrial_motion_planner_testutils) by extensions ['ignore', 'ignore_ament_install']
[0.308s] Level 1:colcon.colcon_core.package_identification:_identify(thirdparty/moveit2/moveit_planners/pilz_industrial_motion_planner_testutils) by extension 'ignore'
[0.308s] Level 1:colcon.colcon_core.package_identification:_identify(thirdparty/moveit2/moveit_planners/pilz_industrial_motion_planner_testutils) by extension 'ignore_ament_install'
[0.308s] Level 1:colcon.colcon_core.package_identification:_identify(thirdparty/moveit2/moveit_planners/pilz_industrial_motion_planner_testutils) by extensions ['colcon_pkg']
[0.308s] Level 1:colcon.colcon_core.package_identification:_identify(thirdparty/moveit2/moveit_planners/pilz_industrial_motion_planner_testutils) by extension 'colcon_pkg'
[0.308s] Level 1:colcon.colcon_core.package_identification:_identify(thirdparty/moveit2/moveit_planners/pilz_industrial_motion_planner_testutils) by extensions ['colcon_meta']
[0.308s] Level 1:colcon.colcon_core.package_identification:_identify(thirdparty/moveit2/moveit_planners/pilz_industrial_motion_planner_testutils) by extension 'colcon_meta'
[0.308s] Level 1:colcon.colcon_core.package_identification:_identify(thirdparty/moveit2/moveit_planners/pilz_industrial_motion_planner_testutils) by extensions ['ros']
[0.308s] Level 1:colcon.colcon_core.package_identification:_identify(thirdparty/moveit2/moveit_planners/pilz_industrial_motion_planner_testutils) by extension 'ros'
[0.309s] DEBUG:colcon.colcon_core.package_identification:Package 'thirdparty/moveit2/moveit_planners/pilz_industrial_motion_planner_testutils' with type 'ros.ament_cmake' and name 'pilz_industrial_motion_planner_testutils'
[0.309s] Level 1:colcon.colcon_core.package_identification:_identify(thirdparty/moveit2/moveit_planners/stomp) by extensions ['ignore', 'ignore_ament_install']
[0.309s] Level 1:colcon.colcon_core.package_identification:_identify(thirdparty/moveit2/moveit_planners/stomp) by extension 'ignore'
[0.309s] Level 1:colcon.colcon_core.package_identification:_identify(thirdparty/moveit2/moveit_planners/stomp) by extension 'ignore_ament_install'
[0.309s] Level 1:colcon.colcon_core.package_identification:_identify(thirdparty/moveit2/moveit_planners/stomp) by extensions ['colcon_pkg']
[0.309s] Level 1:colcon.colcon_core.package_identification:_identify(thirdparty/moveit2/moveit_planners/stomp) by extension 'colcon_pkg'
[0.309s] Level 1:colcon.colcon_core.package_identification:_identify(thirdparty/moveit2/moveit_planners/stomp) by extensions ['colcon_meta']
[0.309s] Level 1:colcon.colcon_core.package_identification:_identify(thirdparty/moveit2/moveit_planners/stomp) by extension 'colcon_meta'
[0.309s] Level 1:colcon.colcon_core.package_identification:_identify(thirdparty/moveit2/moveit_planners/stomp) by extensions ['ros']
[0.309s] Level 1:colcon.colcon_core.package_identification:_identify(thirdparty/moveit2/moveit_planners/stomp) by extension 'ros'
[0.310s] DEBUG:colcon.colcon_core.package_identification:Package 'thirdparty/moveit2/moveit_planners/stomp' with type 'ros.ament_cmake' and name 'moveit_planners_stomp'
[0.311s] Level 1:colcon.colcon_core.package_identification:_identify(thirdparty/moveit2/moveit_planners/test_configs) by extensions ['ignore', 'ignore_ament_install']
[0.311s] Level 1:colcon.colcon_core.package_identification:_identify(thirdparty/moveit2/moveit_planners/test_configs) by extension 'ignore'
[0.311s] Level 1:colcon.colcon_core.package_identification:_identify(thirdparty/moveit2/moveit_planners/test_configs) by extension 'ignore_ament_install'
[0.311s] Level 1:colcon.colcon_core.package_identification:_identify(thirdparty/moveit2/moveit_planners/test_configs) by extensions ['colcon_pkg']
[0.311s] Level 1:colcon.colcon_core.package_identification:_identify(thirdparty/moveit2/moveit_planners/test_configs) by extension 'colcon_pkg'
[0.311s] Level 1:colcon.colcon_core.package_identification:_identify(thirdparty/moveit2/moveit_planners/test_configs) by extensions ['colcon_meta']
[0.311s] Level 1:colcon.colcon_core.package_identification:_identify(thirdparty/moveit2/moveit_planners/test_configs) by extension 'colcon_meta'
[0.311s] Level 1:colcon.colcon_core.package_identification:_identify(thirdparty/moveit2/moveit_planners/test_configs) by extensions ['ros']
[0.311s] Level 1:colcon.colcon_core.package_identification:_identify(thirdparty/moveit2/moveit_planners/test_configs) by extension 'ros'
[0.311s] Level 1:colcon.colcon_core.package_identification:_identify(thirdparty/moveit2/moveit_planners/test_configs) by extensions ['cmake', 'python']
[0.311s] Level 1:colcon.colcon_core.package_identification:_identify(thirdparty/moveit2/moveit_planners/test_configs) by extension 'cmake'
[0.311s] Level 1:colcon.colcon_core.package_identification:_identify(thirdparty/moveit2/moveit_planners/test_configs) by extension 'python'
[0.311s] Level 1:colcon.colcon_core.package_identification:_identify(thirdparty/moveit2/moveit_planners/test_configs) by extensions ['python_setup_py']
[0.311s] Level 1:colcon.colcon_core.package_identification:_identify(thirdparty/moveit2/moveit_planners/test_configs) by extension 'python_setup_py'
[0.311s] Level 1:colcon.colcon_core.package_identification:_identify(thirdparty/moveit2/moveit_planners/test_configs/prbt_ikfast_manipulator_plugin) by extensions ['ignore', 'ignore_ament_install']
[0.311s] Level 1:colcon.colcon_core.package_identification:_identify(thirdparty/moveit2/moveit_planners/test_configs/prbt_ikfast_manipulator_plugin) by extension 'ignore'
[0.311s] Level 1:colcon.colcon_core.package_identification:_identify(thirdparty/moveit2/moveit_planners/test_configs/prbt_ikfast_manipulator_plugin) by extension 'ignore_ament_install'
[0.312s] Level 1:colcon.colcon_core.package_identification:_identify(thirdparty/moveit2/moveit_planners/test_configs/prbt_ikfast_manipulator_plugin) by extensions ['colcon_pkg']
[0.312s] Level 1:colcon.colcon_core.package_identification:_identify(thirdparty/moveit2/moveit_planners/test_configs/prbt_ikfast_manipulator_plugin) by extension 'colcon_pkg'
[0.312s] Level 1:colcon.colcon_core.package_identification:_identify(thirdparty/moveit2/moveit_planners/test_configs/prbt_ikfast_manipulator_plugin) by extensions ['colcon_meta']
[0.312s] Level 1:colcon.colcon_core.package_identification:_identify(thirdparty/moveit2/moveit_planners/test_configs/prbt_ikfast_manipulator_plugin) by extension 'colcon_meta'
[0.312s] Level 1:colcon.colcon_core.package_identification:_identify(thirdparty/moveit2/moveit_planners/test_configs/prbt_ikfast_manipulator_plugin) by extensions ['ros']
[0.312s] Level 1:colcon.colcon_core.package_identification:_identify(thirdparty/moveit2/moveit_planners/test_configs/prbt_ikfast_manipulator_plugin) by extension 'ros'
[0.313s] DEBUG:colcon.colcon_core.package_identification:Package 'thirdparty/moveit2/moveit_planners/test_configs/prbt_ikfast_manipulator_plugin' with type 'ros.ament_cmake' and name 'moveit_resources_prbt_ikfast_manipulator_plugin'
[0.313s] Level 1:colcon.colcon_core.package_identification:_identify(thirdparty/moveit2/moveit_planners/test_configs/prbt_moveit_config) by extensions ['ignore', 'ignore_ament_install']
[0.313s] Level 1:colcon.colcon_core.package_identification:_identify(thirdparty/moveit2/moveit_planners/test_configs/prbt_moveit_config) by extension 'ignore'
[0.313s] Level 1:colcon.colcon_core.package_identification:_identify(thirdparty/moveit2/moveit_planners/test_configs/prbt_moveit_config) by extension 'ignore_ament_install'
[0.313s] Level 1:colcon.colcon_core.package_identification:_identify(thirdparty/moveit2/moveit_planners/test_configs/prbt_moveit_config) by extensions ['colcon_pkg']
[0.313s] Level 1:colcon.colcon_core.package_identification:_identify(thirdparty/moveit2/moveit_planners/test_configs/prbt_moveit_config) by extension 'colcon_pkg'
[0.313s] Level 1:colcon.colcon_core.package_identification:_identify(thirdparty/moveit2/moveit_planners/test_configs/prbt_moveit_config) by extensions ['colcon_meta']
[0.313s] Level 1:colcon.colcon_core.package_identification:_identify(thirdparty/moveit2/moveit_planners/test_configs/prbt_moveit_config) by extension 'colcon_meta'
[0.313s] Level 1:colcon.colcon_core.package_identification:_identify(thirdparty/moveit2/moveit_planners/test_configs/prbt_moveit_config) by extensions ['ros']
[0.313s] Level 1:colcon.colcon_core.package_identification:_identify(thirdparty/moveit2/moveit_planners/test_configs/prbt_moveit_config) by extension 'ros'
[0.314s] DEBUG:colcon.colcon_core.package_identification:Package 'thirdparty/moveit2/moveit_planners/test_configs/prbt_moveit_config' with type 'ros.ament_cmake' and name 'moveit_resources_prbt_moveit_config'
[0.314s] Level 1:colcon.colcon_core.package_identification:_identify(thirdparty/moveit2/moveit_planners/test_configs/prbt_pg70_support) by extensions ['ignore', 'ignore_ament_install']
[0.314s] Level 1:colcon.colcon_core.package_identification:_identify(thirdparty/moveit2/moveit_planners/test_configs/prbt_pg70_support) by extension 'ignore'
[0.314s] Level 1:colcon.colcon_core.package_identification:_identify(thirdparty/moveit2/moveit_planners/test_configs/prbt_pg70_support) by extension 'ignore_ament_install'
[0.314s] Level 1:colcon.colcon_core.package_identification:_identify(thirdparty/moveit2/moveit_planners/test_configs/prbt_pg70_support) by extensions ['colcon_pkg']
[0.314s] Level 1:colcon.colcon_core.package_identification:_identify(thirdparty/moveit2/moveit_planners/test_configs/prbt_pg70_support) by extension 'colcon_pkg'
[0.314s] Level 1:colcon.colcon_core.package_identification:_identify(thirdparty/moveit2/moveit_planners/test_configs/prbt_pg70_support) by extensions ['colcon_meta']
[0.314s] Level 1:colcon.colcon_core.package_identification:_identify(thirdparty/moveit2/moveit_planners/test_configs/prbt_pg70_support) by extension 'colcon_meta'
[0.314s] Level 1:colcon.colcon_core.package_identification:_identify(thirdparty/moveit2/moveit_planners/test_configs/prbt_pg70_support) by extensions ['ros']
[0.314s] Level 1:colcon.colcon_core.package_identification:_identify(thirdparty/moveit2/moveit_planners/test_configs/prbt_pg70_support) by extension 'ros'
[0.315s] DEBUG:colcon.colcon_core.package_identification:Package 'thirdparty/moveit2/moveit_planners/test_configs/prbt_pg70_support' with type 'ros.ament_cmake' and name 'moveit_resources_prbt_pg70_support'
[0.315s] Level 1:colcon.colcon_core.package_identification:_identify(thirdparty/moveit2/moveit_planners/test_configs/prbt_support) by extensions ['ignore', 'ignore_ament_install']
[0.315s] Level 1:colcon.colcon_core.package_identification:_identify(thirdparty/moveit2/moveit_planners/test_configs/prbt_support) by extension 'ignore'
[0.315s] Level 1:colcon.colcon_core.package_identification:_identify(thirdparty/moveit2/moveit_planners/test_configs/prbt_support) by extension 'ignore_ament_install'
[0.315s] Level 1:colcon.colcon_core.package_identification:_identify(thirdparty/moveit2/moveit_planners/test_configs/prbt_support) by extensions ['colcon_pkg']
[0.315s] Level 1:colcon.colcon_core.package_identification:_identify(thirdparty/moveit2/moveit_planners/test_configs/prbt_support) by extension 'colcon_pkg'
[0.315s] Level 1:colcon.colcon_core.package_identification:_identify(thirdparty/moveit2/moveit_planners/test_configs/prbt_support) by extensions ['colcon_meta']
[0.315s] Level 1:colcon.colcon_core.package_identification:_identify(thirdparty/moveit2/moveit_planners/test_configs/prbt_support) by extension 'colcon_meta'
[0.315s] Level 1:colcon.colcon_core.package_identification:_identify(thirdparty/moveit2/moveit_planners/test_configs/prbt_support) by extensions ['ros']
[0.315s] Level 1:colcon.colcon_core.package_identification:_identify(thirdparty/moveit2/moveit_planners/test_configs/prbt_support) by extension 'ros'
[0.316s] DEBUG:colcon.colcon_core.package_identification:Package 'thirdparty/moveit2/moveit_planners/test_configs/prbt_support' with type 'ros.ament_cmake' and name 'moveit_resources_prbt_support'
[0.316s] Level 1:colcon.colcon_core.package_identification:_identify(thirdparty/moveit2/moveit_plugins) by extensions ['ignore', 'ignore_ament_install']
[0.316s] Level 1:colcon.colcon_core.package_identification:_identify(thirdparty/moveit2/moveit_plugins) by extension 'ignore'
[0.316s] Level 1:colcon.colcon_core.package_identification:_identify(thirdparty/moveit2/moveit_plugins) by extension 'ignore_ament_install'
[0.316s] Level 1:colcon.colcon_core.package_identification:_identify(thirdparty/moveit2/moveit_plugins) by extensions ['colcon_pkg']
[0.316s] Level 1:colcon.colcon_core.package_identification:_identify(thirdparty/moveit2/moveit_plugins) by extension 'colcon_pkg'
[0.316s] Level 1:colcon.colcon_core.package_identification:_identify(thirdparty/moveit2/moveit_plugins) by extensions ['colcon_meta']
[0.316s] Level 1:colcon.colcon_core.package_identification:_identify(thirdparty/moveit2/moveit_plugins) by extension 'colcon_meta'
[0.317s] Level 1:colcon.colcon_core.package_identification:_identify(thirdparty/moveit2/moveit_plugins) by extensions ['ros']
[0.317s] Level 1:colcon.colcon_core.package_identification:_identify(thirdparty/moveit2/moveit_plugins) by extension 'ros'
[0.317s] Level 1:colcon.colcon_core.package_identification:_identify(thirdparty/moveit2/moveit_plugins) by extensions ['cmake', 'python']
[0.317s] Level 1:colcon.colcon_core.package_identification:_identify(thirdparty/moveit2/moveit_plugins) by extension 'cmake'
[0.317s] Level 1:colcon.colcon_core.package_identification:_identify(thirdparty/moveit2/moveit_plugins) by extension 'python'
[0.317s] Level 1:colcon.colcon_core.package_identification:_identify(thirdparty/moveit2/moveit_plugins) by extensions ['python_setup_py']
[0.317s] Level 1:colcon.colcon_core.package_identification:_identify(thirdparty/moveit2/moveit_plugins) by extension 'python_setup_py'
[0.317s] Level 1:colcon.colcon_core.package_identification:_identify(thirdparty/moveit2/moveit_plugins/moveit_plugins) by extensions ['ignore', 'ignore_ament_install']
[0.317s] Level 1:colcon.colcon_core.package_identification:_identify(thirdparty/moveit2/moveit_plugins/moveit_plugins) by extension 'ignore'
[0.317s] Level 1:colcon.colcon_core.package_identification:_identify(thirdparty/moveit2/moveit_plugins/moveit_plugins) by extension 'ignore_ament_install'
[0.317s] Level 1:colcon.colcon_core.package_identification:_identify(thirdparty/moveit2/moveit_plugins/moveit_plugins) by extensions ['colcon_pkg']
[0.317s] Level 1:colcon.colcon_core.package_identification:_identify(thirdparty/moveit2/moveit_plugins/moveit_plugins) by extension 'colcon_pkg'
[0.317s] Level 1:colcon.colcon_core.package_identification:_identify(thirdparty/moveit2/moveit_plugins/moveit_plugins) by extensions ['colcon_meta']
[0.317s] Level 1:colcon.colcon_core.package_identification:_identify(thirdparty/moveit2/moveit_plugins/moveit_plugins) by extension 'colcon_meta'
[0.317s] Level 1:colcon.colcon_core.package_identification:_identify(thirdparty/moveit2/moveit_plugins/moveit_plugins) by extensions ['ros']
[0.317s] Level 1:colcon.colcon_core.package_identification:_identify(thirdparty/moveit2/moveit_plugins/moveit_plugins) by extension 'ros'
[0.318s] DEBUG:colcon.colcon_core.package_identification:Package 'thirdparty/moveit2/moveit_plugins/moveit_plugins' with type 'ros.ament_cmake' and name 'moveit_plugins'
[0.318s] Level 1:colcon.colcon_core.package_identification:_identify(thirdparty/moveit2/moveit_plugins/moveit_ros_control_interface) by extensions ['ignore', 'ignore_ament_install']
[0.318s] Level 1:colcon.colcon_core.package_identification:_identify(thirdparty/moveit2/moveit_plugins/moveit_ros_control_interface) by extension 'ignore'
[0.318s] Level 1:colcon.colcon_core.package_identification:_identify(thirdparty/moveit2/moveit_plugins/moveit_ros_control_interface) by extension 'ignore_ament_install'
[0.318s] Level 1:colcon.colcon_core.package_identification:_identify(thirdparty/moveit2/moveit_plugins/moveit_ros_control_interface) by extensions ['colcon_pkg']
[0.318s] Level 1:colcon.colcon_core.package_identification:_identify(thirdparty/moveit2/moveit_plugins/moveit_ros_control_interface) by extension 'colcon_pkg'
[0.318s] Level 1:colcon.colcon_core.package_identification:_identify(thirdparty/moveit2/moveit_plugins/moveit_ros_control_interface) by extensions ['colcon_meta']
[0.318s] Level 1:colcon.colcon_core.package_identification:_identify(thirdparty/moveit2/moveit_plugins/moveit_ros_control_interface) by extension 'colcon_meta'
[0.318s] Level 1:colcon.colcon_core.package_identification:_identify(thirdparty/moveit2/moveit_plugins/moveit_ros_control_interface) by extensions ['ros']
[0.318s] Level 1:colcon.colcon_core.package_identification:_identify(thirdparty/moveit2/moveit_plugins/moveit_ros_control_interface) by extension 'ros'
[0.319s] DEBUG:colcon.colcon_core.package_identification:Package 'thirdparty/moveit2/moveit_plugins/moveit_ros_control_interface' with type 'ros.ament_cmake' and name 'moveit_ros_control_interface'
[0.319s] Level 1:colcon.colcon_core.package_identification:_identify(thirdparty/moveit2/moveit_plugins/moveit_simple_controller_manager) by extensions ['ignore', 'ignore_ament_install']
[0.320s] Level 1:colcon.colcon_core.package_identification:_identify(thirdparty/moveit2/moveit_plugins/moveit_simple_controller_manager) by extension 'ignore'
[0.320s] Level 1:colcon.colcon_core.package_identification:_identify(thirdparty/moveit2/moveit_plugins/moveit_simple_controller_manager) by extension 'ignore_ament_install'
[0.320s] Level 1:colcon.colcon_core.package_identification:_identify(thirdparty/moveit2/moveit_plugins/moveit_simple_controller_manager) by extensions ['colcon_pkg']
[0.320s] Level 1:colcon.colcon_core.package_identification:_identify(thirdparty/moveit2/moveit_plugins/moveit_simple_controller_manager) by extension 'colcon_pkg'
[0.320s] Level 1:colcon.colcon_core.package_identification:_identify(thirdparty/moveit2/moveit_plugins/moveit_simple_controller_manager) by extensions ['colcon_meta']
[0.320s] Level 1:colcon.colcon_core.package_identification:_identify(thirdparty/moveit2/moveit_plugins/moveit_simple_controller_manager) by extension 'colcon_meta'
[0.320s] Level 1:colcon.colcon_core.package_identification:_identify(thirdparty/moveit2/moveit_plugins/moveit_simple_controller_manager) by extensions ['ros']
[0.320s] Level 1:colcon.colcon_core.package_identification:_identify(thirdparty/moveit2/moveit_plugins/moveit_simple_controller_manager) by extension 'ros'
[0.321s] DEBUG:colcon.colcon_core.package_identification:Package 'thirdparty/moveit2/moveit_plugins/moveit_simple_controller_manager' with type 'ros.ament_cmake' and name 'moveit_simple_controller_manager'
[0.321s] Level 1:colcon.colcon_core.package_identification:_identify(thirdparty/moveit2/moveit_py) by extensions ['ignore', 'ignore_ament_install']
[0.321s] Level 1:colcon.colcon_core.package_identification:_identify(thirdparty/moveit2/moveit_py) by extension 'ignore'
[0.321s] Level 1:colcon.colcon_core.package_identification:_identify(thirdparty/moveit2/moveit_py) by extension 'ignore_ament_install'
[0.321s] Level 1:colcon.colcon_core.package_identification:_identify(thirdparty/moveit2/moveit_py) by extensions ['colcon_pkg']
[0.321s] Level 1:colcon.colcon_core.package_identification:_identify(thirdparty/moveit2/moveit_py) by extension 'colcon_pkg'
[0.321s] Level 1:colcon.colcon_core.package_identification:_identify(thirdparty/moveit2/moveit_py) by extensions ['colcon_meta']
[0.321s] Level 1:colcon.colcon_core.package_identification:_identify(thirdparty/moveit2/moveit_py) by extension 'colcon_meta'
[0.321s] Level 1:colcon.colcon_core.package_identification:_identify(thirdparty/moveit2/moveit_py) by extensions ['ros']
[0.321s] Level 1:colcon.colcon_core.package_identification:_identify(thirdparty/moveit2/moveit_py) by extension 'ros'
[0.322s] DEBUG:colcon.colcon_core.package_identification:Package 'thirdparty/moveit2/moveit_py' with type 'ros.ament_cmake' and name 'moveit_py'
[0.323s] Level 1:colcon.colcon_core.package_identification:_identify(thirdparty/moveit2/moveit_ros) by extensions ['ignore', 'ignore_ament_install']
[0.323s] Level 1:colcon.colcon_core.package_identification:_identify(thirdparty/moveit2/moveit_ros) by extension 'ignore'
[0.323s] Level 1:colcon.colcon_core.package_identification:_identify(thirdparty/moveit2/moveit_ros) by extension 'ignore_ament_install'
[0.323s] Level 1:colcon.colcon_core.package_identification:_identify(thirdparty/moveit2/moveit_ros) by extensions ['colcon_pkg']
[0.323s] Level 1:colcon.colcon_core.package_identification:_identify(thirdparty/moveit2/moveit_ros) by extension 'colcon_pkg'
[0.323s] Level 1:colcon.colcon_core.package_identification:_identify(thirdparty/moveit2/moveit_ros) by extensions ['colcon_meta']
[0.323s] Level 1:colcon.colcon_core.package_identification:_identify(thirdparty/moveit2/moveit_ros) by extension 'colcon_meta'
[0.323s] Level 1:colcon.colcon_core.package_identification:_identify(thirdparty/moveit2/moveit_ros) by extensions ['ros']
[0.323s] Level 1:colcon.colcon_core.package_identification:_identify(thirdparty/moveit2/moveit_ros) by extension 'ros'
[0.323s] Level 1:colcon.colcon_core.package_identification:_identify(thirdparty/moveit2/moveit_ros) by extensions ['cmake', 'python']
[0.323s] Level 1:colcon.colcon_core.package_identification:_identify(thirdparty/moveit2/moveit_ros) by extension 'cmake'
[0.323s] Level 1:colcon.colcon_core.package_identification:_identify(thirdparty/moveit2/moveit_ros) by extension 'python'
[0.323s] Level 1:colcon.colcon_core.package_identification:_identify(thirdparty/moveit2/moveit_ros) by extensions ['python_setup_py']
[0.323s] Level 1:colcon.colcon_core.package_identification:_identify(thirdparty/moveit2/moveit_ros) by extension 'python_setup_py'
[0.323s] Level 1:colcon.colcon_core.package_identification:_identify(thirdparty/moveit2/moveit_ros/benchmarks) by extensions ['ignore', 'ignore_ament_install']
[0.323s] Level 1:colcon.colcon_core.package_identification:_identify(thirdparty/moveit2/moveit_ros/benchmarks) by extension 'ignore'
[0.323s] Level 1:colcon.colcon_core.package_identification:_identify(thirdparty/moveit2/moveit_ros/benchmarks) by extension 'ignore_ament_install'
[0.324s] Level 1:colcon.colcon_core.package_identification:_identify(thirdparty/moveit2/moveit_ros/benchmarks) by extensions ['colcon_pkg']
[0.324s] Level 1:colcon.colcon_core.package_identification:_identify(thirdparty/moveit2/moveit_ros/benchmarks) by extension 'colcon_pkg'
[0.324s] Level 1:colcon.colcon_core.package_identification:_identify(thirdparty/moveit2/moveit_ros/benchmarks) by extensions ['colcon_meta']
[0.324s] Level 1:colcon.colcon_core.package_identification:_identify(thirdparty/moveit2/moveit_ros/benchmarks) by extension 'colcon_meta'
[0.324s] Level 1:colcon.colcon_core.package_identification:_identify(thirdparty/moveit2/moveit_ros/benchmarks) by extensions ['ros']
[0.324s] Level 1:colcon.colcon_core.package_identification:_identify(thirdparty/moveit2/moveit_ros/benchmarks) by extension 'ros'
[0.325s] DEBUG:colcon.colcon_core.package_identification:Package 'thirdparty/moveit2/moveit_ros/benchmarks' with type 'ros.ament_cmake' and name 'moveit_ros_benchmarks'
[0.325s] Level 1:colcon.colcon_core.package_identification:_identify(thirdparty/moveit2/moveit_ros/hybrid_planning) by extensions ['ignore', 'ignore_ament_install']
[0.325s] Level 1:colcon.colcon_core.package_identification:_identify(thirdparty/moveit2/moveit_ros/hybrid_planning) by extension 'ignore'
[0.325s] Level 1:colcon.colcon_core.package_identification:_identify(thirdparty/moveit2/moveit_ros/hybrid_planning) by extension 'ignore_ament_install'
[0.325s] Level 1:colcon.colcon_core.package_identification:_identify(thirdparty/moveit2/moveit_ros/hybrid_planning) by extensions ['colcon_pkg']
[0.325s] Level 1:colcon.colcon_core.package_identification:_identify(thirdparty/moveit2/moveit_ros/hybrid_planning) by extension 'colcon_pkg'
[0.325s] Level 1:colcon.colcon_core.package_identification:_identify(thirdparty/moveit2/moveit_ros/hybrid_planning) by extensions ['colcon_meta']
[0.325s] Level 1:colcon.colcon_core.package_identification:_identify(thirdparty/moveit2/moveit_ros/hybrid_planning) by extension 'colcon_meta'
[0.325s] Level 1:colcon.colcon_core.package_identification:_identify(thirdparty/moveit2/moveit_ros/hybrid_planning) by extensions ['ros']
[0.325s] Level 1:colcon.colcon_core.package_identification:_identify(thirdparty/moveit2/moveit_ros/hybrid_planning) by extension 'ros'
[0.327s] DEBUG:colcon.colcon_core.package_identification:Package 'thirdparty/moveit2/moveit_ros/hybrid_planning' with type 'ros.ament_cmake' and name 'moveit_hybrid_planning'
[0.327s] Level 1:colcon.colcon_core.package_identification:_identify(thirdparty/moveit2/moveit_ros/move_group) by extensions ['ignore', 'ignore_ament_install']
[0.327s] Level 1:colcon.colcon_core.package_identification:_identify(thirdparty/moveit2/moveit_ros/move_group) by extension 'ignore'
[0.327s] Level 1:colcon.colcon_core.package_identification:_identify(thirdparty/moveit2/moveit_ros/move_group) by extension 'ignore_ament_install'
[0.327s] Level 1:colcon.colcon_core.package_identification:_identify(thirdparty/moveit2/moveit_ros/move_group) by extensions ['colcon_pkg']
[0.327s] Level 1:colcon.colcon_core.package_identification:_identify(thirdparty/moveit2/moveit_ros/move_group) by extension 'colcon_pkg'
[0.327s] Level 1:colcon.colcon_core.package_identification:_identify(thirdparty/moveit2/moveit_ros/move_group) by extensions ['colcon_meta']
[0.328s] Level 1:colcon.colcon_core.package_identification:_identify(thirdparty/moveit2/moveit_ros/move_group) by extension 'colcon_meta'
[0.328s] Level 1:colcon.colcon_core.package_identification:_identify(thirdparty/moveit2/moveit_ros/move_group) by extensions ['ros']
[0.328s] Level 1:colcon.colcon_core.package_identification:_identify(thirdparty/moveit2/moveit_ros/move_group) by extension 'ros'
[0.329s] DEBUG:colcon.colcon_core.package_identification:Package 'thirdparty/moveit2/moveit_ros/move_group' with type 'ros.ament_cmake' and name 'moveit_ros_move_group'
[0.329s] Level 1:colcon.colcon_core.package_identification:_identify(thirdparty/moveit2/moveit_ros/moveit_ros) by extensions ['ignore', 'ignore_ament_install']
[0.329s] Level 1:colcon.colcon_core.package_identification:_identify(thirdparty/moveit2/moveit_ros/moveit_ros) by extension 'ignore'
[0.330s] Level 1:colcon.colcon_core.package_identification:_identify(thirdparty/moveit2/moveit_ros/moveit_ros) by extension 'ignore_ament_install'
[0.330s] Level 1:colcon.colcon_core.package_identification:_identify(thirdparty/moveit2/moveit_ros/moveit_ros) by extensions ['colcon_pkg']
[0.330s] Level 1:colcon.colcon_core.package_identification:_identify(thirdparty/moveit2/moveit_ros/moveit_ros) by extension 'colcon_pkg'
[0.330s] Level 1:colcon.colcon_core.package_identification:_identify(thirdparty/moveit2/moveit_ros/moveit_ros) by extensions ['colcon_meta']
[0.330s] Level 1:colcon.colcon_core.package_identification:_identify(thirdparty/moveit2/moveit_ros/moveit_ros) by extension 'colcon_meta'
[0.330s] Level 1:colcon.colcon_core.package_identification:_identify(thirdparty/moveit2/moveit_ros/moveit_ros) by extensions ['ros']
[0.330s] Level 1:colcon.colcon_core.package_identification:_identify(thirdparty/moveit2/moveit_ros/moveit_ros) by extension 'ros'
[0.330s] DEBUG:colcon.colcon_core.package_identification:Package 'thirdparty/moveit2/moveit_ros/moveit_ros' with type 'ros.ament_cmake' and name 'moveit_ros'
[0.331s] Level 1:colcon.colcon_core.package_identification:_identify(thirdparty/moveit2/moveit_ros/moveit_servo) by extensions ['ignore', 'ignore_ament_install']
[0.331s] Level 1:colcon.colcon_core.package_identification:_identify(thirdparty/moveit2/moveit_ros/moveit_servo) by extension 'ignore'
[0.331s] Level 1:colcon.colcon_core.package_identification:_identify(thirdparty/moveit2/moveit_ros/moveit_servo) by extension 'ignore_ament_install'
[0.331s] Level 1:colcon.colcon_core.package_identification:_identify(thirdparty/moveit2/moveit_ros/moveit_servo) by extensions ['colcon_pkg']
[0.331s] Level 1:colcon.colcon_core.package_identification:_identify(thirdparty/moveit2/moveit_ros/moveit_servo) by extension 'colcon_pkg'
[0.331s] Level 1:colcon.colcon_core.package_identification:_identify(thirdparty/moveit2/moveit_ros/moveit_servo) by extensions ['colcon_meta']
[0.331s] Level 1:colcon.colcon_core.package_identification:_identify(thirdparty/moveit2/moveit_ros/moveit_servo) by extension 'colcon_meta'
[0.331s] Level 1:colcon.colcon_core.package_identification:_identify(thirdparty/moveit2/moveit_ros/moveit_servo) by extensions ['ros']
[0.331s] Level 1:colcon.colcon_core.package_identification:_identify(thirdparty/moveit2/moveit_ros/moveit_servo) by extension 'ros'
[0.333s] DEBUG:colcon.colcon_core.package_identification:Package 'thirdparty/moveit2/moveit_ros/moveit_servo' with type 'ros.ament_cmake' and name 'moveit_servo'
[0.333s] Level 1:colcon.colcon_core.package_identification:_identify(thirdparty/moveit2/moveit_ros/occupancy_map_monitor) by extensions ['ignore', 'ignore_ament_install']
[0.333s] Level 1:colcon.colcon_core.package_identification:_identify(thirdparty/moveit2/moveit_ros/occupancy_map_monitor) by extension 'ignore'
[0.333s] Level 1:colcon.colcon_core.package_identification:_identify(thirdparty/moveit2/moveit_ros/occupancy_map_monitor) by extension 'ignore_ament_install'
[0.333s] Level 1:colcon.colcon_core.package_identification:_identify(thirdparty/moveit2/moveit_ros/occupancy_map_monitor) by extensions ['colcon_pkg']
[0.333s] Level 1:colcon.colcon_core.package_identification:_identify(thirdparty/moveit2/moveit_ros/occupancy_map_monitor) by extension 'colcon_pkg'
[0.333s] Level 1:colcon.colcon_core.package_identification:_identify(thirdparty/moveit2/moveit_ros/occupancy_map_monitor) by extensions ['colcon_meta']
[0.333s] Level 1:colcon.colcon_core.package_identification:_identify(thirdparty/moveit2/moveit_ros/occupancy_map_monitor) by extension 'colcon_meta'
[0.334s] Level 1:colcon.colcon_core.package_identification:_identify(thirdparty/moveit2/moveit_ros/occupancy_map_monitor) by extensions ['ros']
[0.334s] Level 1:colcon.colcon_core.package_identification:_identify(thirdparty/moveit2/moveit_ros/occupancy_map_monitor) by extension 'ros'
[0.335s] DEBUG:colcon.colcon_core.package_identification:Package 'thirdparty/moveit2/moveit_ros/occupancy_map_monitor' with type 'ros.ament_cmake' and name 'moveit_ros_occupancy_map_monitor'
[0.335s] Level 1:colcon.colcon_core.package_identification:_identify(thirdparty/moveit2/moveit_ros/perception) by extensions ['ignore', 'ignore_ament_install']
[0.335s] Level 1:colcon.colcon_core.package_identification:_identify(thirdparty/moveit2/moveit_ros/perception) by extension 'ignore'
[0.335s] Level 1:colcon.colcon_core.package_identification:_identify(thirdparty/moveit2/moveit_ros/perception) by extension 'ignore_ament_install'
[0.335s] Level 1:colcon.colcon_core.package_identification:_identify(thirdparty/moveit2/moveit_ros/perception) by extensions ['colcon_pkg']
[0.335s] Level 1:colcon.colcon_core.package_identification:_identify(thirdparty/moveit2/moveit_ros/perception) by extension 'colcon_pkg'
[0.335s] Level 1:colcon.colcon_core.package_identification:_identify(thirdparty/moveit2/moveit_ros/perception) by extensions ['colcon_meta']
[0.335s] Level 1:colcon.colcon_core.package_identification:_identify(thirdparty/moveit2/moveit_ros/perception) by extension 'colcon_meta'
[0.335s] Level 1:colcon.colcon_core.package_identification:_identify(thirdparty/moveit2/moveit_ros/perception) by extensions ['ros']
[0.335s] Level 1:colcon.colcon_core.package_identification:_identify(thirdparty/moveit2/moveit_ros/perception) by extension 'ros'
[0.339s] DEBUG:colcon.colcon_core.package_identification:Package 'thirdparty/moveit2/moveit_ros/perception' with type 'ros.ament_cmake' and name 'moveit_ros_perception'
[0.339s] Level 1:colcon.colcon_core.package_identification:_identify(thirdparty/moveit2/moveit_ros/planning) by extensions ['ignore', 'ignore_ament_install']
[0.339s] Level 1:colcon.colcon_core.package_identification:_identify(thirdparty/moveit2/moveit_ros/planning) by extension 'ignore'
[0.339s] Level 1:colcon.colcon_core.package_identification:_identify(thirdparty/moveit2/moveit_ros/planning) by extension 'ignore_ament_install'
[0.339s] Level 1:colcon.colcon_core.package_identification:_identify(thirdparty/moveit2/moveit_ros/planning) by extensions ['colcon_pkg']
[0.339s] Level 1:colcon.colcon_core.package_identification:_identify(thirdparty/moveit2/moveit_ros/planning) by extension 'colcon_pkg'
[0.339s] Level 1:colcon.colcon_core.package_identification:_identify(thirdparty/moveit2/moveit_ros/planning) by extensions ['colcon_meta']
[0.339s] Level 1:colcon.colcon_core.package_identification:_identify(thirdparty/moveit2/moveit_ros/planning) by extension 'colcon_meta'
[0.340s] Level 1:colcon.colcon_core.package_identification:_identify(thirdparty/moveit2/moveit_ros/planning) by extensions ['ros']
[0.340s] Level 1:colcon.colcon_core.package_identification:_identify(thirdparty/moveit2/moveit_ros/planning) by extension 'ros'
[0.342s] DEBUG:colcon.colcon_core.package_identification:Package 'thirdparty/moveit2/moveit_ros/planning' with type 'ros.ament_cmake' and name 'moveit_ros_planning'
[0.342s] Level 1:colcon.colcon_core.package_identification:_identify(thirdparty/moveit2/moveit_ros/planning_interface) by extensions ['ignore', 'ignore_ament_install']
[0.342s] Level 1:colcon.colcon_core.package_identification:_identify(thirdparty/moveit2/moveit_ros/planning_interface) by extension 'ignore'
[0.342s] Level 1:colcon.colcon_core.package_identification:_identify(thirdparty/moveit2/moveit_ros/planning_interface) by extension 'ignore_ament_install'
[0.342s] Level 1:colcon.colcon_core.package_identification:_identify(thirdparty/moveit2/moveit_ros/planning_interface) by extensions ['colcon_pkg']
[0.342s] Level 1:colcon.colcon_core.package_identification:_identify(thirdparty/moveit2/moveit_ros/planning_interface) by extension 'colcon_pkg'
[0.342s] Level 1:colcon.colcon_core.package_identification:_identify(thirdparty/moveit2/moveit_ros/planning_interface) by extensions ['colcon_meta']
[0.342s] Level 1:colcon.colcon_core.package_identification:_identify(thirdparty/moveit2/moveit_ros/planning_interface) by extension 'colcon_meta'
[0.343s] Level 1:colcon.colcon_core.package_identification:_identify(thirdparty/moveit2/moveit_ros/planning_interface) by extensions ['ros']
[0.343s] Level 1:colcon.colcon_core.package_identification:_identify(thirdparty/moveit2/moveit_ros/planning_interface) by extension 'ros'
[0.344s] DEBUG:colcon.colcon_core.package_identification:Package 'thirdparty/moveit2/moveit_ros/planning_interface' with type 'ros.ament_cmake' and name 'moveit_ros_planning_interface'
[0.345s] Level 1:colcon.colcon_core.package_identification:_identify(thirdparty/moveit2/moveit_ros/robot_interaction) by extensions ['ignore', 'ignore_ament_install']
[0.345s] Level 1:colcon.colcon_core.package_identification:_identify(thirdparty/moveit2/moveit_ros/robot_interaction) by extension 'ignore'
[0.345s] Level 1:colcon.colcon_core.package_identification:_identify(thirdparty/moveit2/moveit_ros/robot_interaction) by extension 'ignore_ament_install'
[0.345s] Level 1:colcon.colcon_core.package_identification:_identify(thirdparty/moveit2/moveit_ros/robot_interaction) by extensions ['colcon_pkg']
[0.345s] Level 1:colcon.colcon_core.package_identification:_identify(thirdparty/moveit2/moveit_ros/robot_interaction) by extension 'colcon_pkg'
[0.345s] Level 1:colcon.colcon_core.package_identification:_identify(thirdparty/moveit2/moveit_ros/robot_interaction) by extensions ['colcon_meta']
[0.345s] Level 1:colcon.colcon_core.package_identification:_identify(thirdparty/moveit2/moveit_ros/robot_interaction) by extension 'colcon_meta'
[0.345s] Level 1:colcon.colcon_core.package_identification:_identify(thirdparty/moveit2/moveit_ros/robot_interaction) by extensions ['ros']
[0.345s] Level 1:colcon.colcon_core.package_identification:_identify(thirdparty/moveit2/moveit_ros/robot_interaction) by extension 'ros'
[0.346s] DEBUG:colcon.colcon_core.package_identification:Package 'thirdparty/moveit2/moveit_ros/robot_interaction' with type 'ros.ament_cmake' and name 'moveit_ros_robot_interaction'
[0.346s] Level 1:colcon.colcon_core.package_identification:_identify(thirdparty/moveit2/moveit_ros/tests) by extensions ['ignore', 'ignore_ament_install']
[0.346s] Level 1:colcon.colcon_core.package_identification:_identify(thirdparty/moveit2/moveit_ros/tests) by extension 'ignore'
[0.346s] Level 1:colcon.colcon_core.package_identification:_identify(thirdparty/moveit2/moveit_ros/tests) by extension 'ignore_ament_install'
[0.347s] Level 1:colcon.colcon_core.package_identification:_identify(thirdparty/moveit2/moveit_ros/tests) by extensions ['colcon_pkg']
[0.347s] Level 1:colcon.colcon_core.package_identification:_identify(thirdparty/moveit2/moveit_ros/tests) by extension 'colcon_pkg'
[0.347s] Level 1:colcon.colcon_core.package_identification:_identify(thirdparty/moveit2/moveit_ros/tests) by extensions ['colcon_meta']
[0.347s] Level 1:colcon.colcon_core.package_identification:_identify(thirdparty/moveit2/moveit_ros/tests) by extension 'colcon_meta'
[0.347s] Level 1:colcon.colcon_core.package_identification:_identify(thirdparty/moveit2/moveit_ros/tests) by extensions ['ros']
[0.347s] Level 1:colcon.colcon_core.package_identification:_identify(thirdparty/moveit2/moveit_ros/tests) by extension 'ros'
[0.348s] DEBUG:colcon.colcon_core.package_identification:Package 'thirdparty/moveit2/moveit_ros/tests' with type 'ros.ament_cmake' and name 'moveit_ros_tests'
[0.348s] Level 1:colcon.colcon_core.package_identification:_identify(thirdparty/moveit2/moveit_ros/trajectory_cache) by extensions ['ignore', 'ignore_ament_install']
[0.348s] Level 1:colcon.colcon_core.package_identification:_identify(thirdparty/moveit2/moveit_ros/trajectory_cache) by extension 'ignore'
[0.348s] Level 1:colcon.colcon_core.package_identification:_identify(thirdparty/moveit2/moveit_ros/trajectory_cache) by extension 'ignore_ament_install'
[0.348s] Level 1:colcon.colcon_core.package_identification:_identify(thirdparty/moveit2/moveit_ros/trajectory_cache) by extensions ['colcon_pkg']
[0.348s] Level 1:colcon.colcon_core.package_identification:_identify(thirdparty/moveit2/moveit_ros/trajectory_cache) by extension 'colcon_pkg'
[0.348s] Level 1:colcon.colcon_core.package_identification:_identify(thirdparty/moveit2/moveit_ros/trajectory_cache) by extensions ['colcon_meta']
[0.348s] Level 1:colcon.colcon_core.package_identification:_identify(thirdparty/moveit2/moveit_ros/trajectory_cache) by extension 'colcon_meta'
[0.348s] Level 1:colcon.colcon_core.package_identification:_identify(thirdparty/moveit2/moveit_ros/trajectory_cache) by extensions ['ros']
[0.348s] Level 1:colcon.colcon_core.package_identification:_identify(thirdparty/moveit2/moveit_ros/trajectory_cache) by extension 'ros'
[0.349s] DEBUG:colcon.colcon_core.package_identification:Package 'thirdparty/moveit2/moveit_ros/trajectory_cache' with type 'ros.ament_cmake' and name 'moveit_ros_trajectory_cache'
[0.349s] Level 1:colcon.colcon_core.package_identification:_identify(thirdparty/moveit2/moveit_ros/visualization) by extensions ['ignore', 'ignore_ament_install']
[0.350s] Level 1:colcon.colcon_core.package_identification:_identify(thirdparty/moveit2/moveit_ros/visualization) by extension 'ignore'
[0.350s] Level 1:colcon.colcon_core.package_identification:_identify(thirdparty/moveit2/moveit_ros/visualization) by extension 'ignore_ament_install'
[0.350s] Level 1:colcon.colcon_core.package_identification:_identify(thirdparty/moveit2/moveit_ros/visualization) by extensions ['colcon_pkg']
[0.350s] Level 1:colcon.colcon_core.package_identification:_identify(thirdparty/moveit2/moveit_ros/visualization) by extension 'colcon_pkg'
[0.350s] Level 1:colcon.colcon_core.package_identification:_identify(thirdparty/moveit2/moveit_ros/visualization) by extensions ['colcon_meta']
[0.350s] Level 1:colcon.colcon_core.package_identification:_identify(thirdparty/moveit2/moveit_ros/visualization) by extension 'colcon_meta'
[0.350s] Level 1:colcon.colcon_core.package_identification:_identify(thirdparty/moveit2/moveit_ros/visualization) by extensions ['ros']
[0.350s] Level 1:colcon.colcon_core.package_identification:_identify(thirdparty/moveit2/moveit_ros/visualization) by extension 'ros'
[0.351s] DEBUG:colcon.colcon_core.package_identification:Package 'thirdparty/moveit2/moveit_ros/visualization' with type 'ros.ament_cmake' and name 'moveit_ros_visualization'
[0.352s] Level 1:colcon.colcon_core.package_identification:_identify(thirdparty/moveit2/moveit_ros/warehouse) by extensions ['ignore', 'ignore_ament_install']
[0.352s] Level 1:colcon.colcon_core.package_identification:_identify(thirdparty/moveit2/moveit_ros/warehouse) by extension 'ignore'
[0.352s] Level 1:colcon.colcon_core.package_identification:_identify(thirdparty/moveit2/moveit_ros/warehouse) by extension 'ignore_ament_install'
[0.352s] Level 1:colcon.colcon_core.package_identification:_identify(thirdparty/moveit2/moveit_ros/warehouse) by extensions ['colcon_pkg']
[0.352s] Level 1:colcon.colcon_core.package_identification:_identify(thirdparty/moveit2/moveit_ros/warehouse) by extension 'colcon_pkg'
[0.352s] Level 1:colcon.colcon_core.package_identification:_identify(thirdparty/moveit2/moveit_ros/warehouse) by extensions ['colcon_meta']
[0.352s] Level 1:colcon.colcon_core.package_identification:_identify(thirdparty/moveit2/moveit_ros/warehouse) by extension 'colcon_meta'
[0.352s] Level 1:colcon.colcon_core.package_identification:_identify(thirdparty/moveit2/moveit_ros/warehouse) by extensions ['ros']
[0.352s] Level 1:colcon.colcon_core.package_identification:_identify(thirdparty/moveit2/moveit_ros/warehouse) by extension 'ros'
[0.353s] DEBUG:colcon.colcon_core.package_identification:Package 'thirdparty/moveit2/moveit_ros/warehouse' with type 'ros.ament_cmake' and name 'moveit_ros_warehouse'
[0.353s] Level 1:colcon.colcon_core.package_identification:_identify(thirdparty/moveit2/moveit_runtime) by extensions ['ignore', 'ignore_ament_install']
[0.353s] Level 1:colcon.colcon_core.package_identification:_identify(thirdparty/moveit2/moveit_runtime) by extension 'ignore'
[0.353s] Level 1:colcon.colcon_core.package_identification:_identify(thirdparty/moveit2/moveit_runtime) by extension 'ignore_ament_install'
[0.353s] Level 1:colcon.colcon_core.package_identification:_identify(thirdparty/moveit2/moveit_runtime) by extensions ['colcon_pkg']
[0.353s] Level 1:colcon.colcon_core.package_identification:_identify(thirdparty/moveit2/moveit_runtime) by extension 'colcon_pkg'
[0.353s] Level 1:colcon.colcon_core.package_identification:_identify(thirdparty/moveit2/moveit_runtime) by extensions ['colcon_meta']
[0.354s] Level 1:colcon.colcon_core.package_identification:_identify(thirdparty/moveit2/moveit_runtime) by extension 'colcon_meta'
[0.354s] Level 1:colcon.colcon_core.package_identification:_identify(thirdparty/moveit2/moveit_runtime) by extensions ['ros']
[0.354s] Level 1:colcon.colcon_core.package_identification:_identify(thirdparty/moveit2/moveit_runtime) by extension 'ros'
[0.354s] DEBUG:colcon.colcon_core.package_identification:Package 'thirdparty/moveit2/moveit_runtime' with type 'ros.ament_cmake' and name 'moveit_runtime'
[0.354s] Level 1:colcon.colcon_core.package_identification:_identify(thirdparty/moveit2/moveit_setup_assistant) by extensions ['ignore', 'ignore_ament_install']
[0.355s] Level 1:colcon.colcon_core.package_identification:_identify(thirdparty/moveit2/moveit_setup_assistant) by extension 'ignore'
[0.355s] Level 1:colcon.colcon_core.package_identification:_identify(thirdparty/moveit2/moveit_setup_assistant) by extension 'ignore_ament_install'
[0.355s] Level 1:colcon.colcon_core.package_identification:_identify(thirdparty/moveit2/moveit_setup_assistant) by extensions ['colcon_pkg']
[0.355s] Level 1:colcon.colcon_core.package_identification:_identify(thirdparty/moveit2/moveit_setup_assistant) by extension 'colcon_pkg'
[0.355s] Level 1:colcon.colcon_core.package_identification:_identify(thirdparty/moveit2/moveit_setup_assistant) by extensions ['colcon_meta']
[0.355s] Level 1:colcon.colcon_core.package_identification:_identify(thirdparty/moveit2/moveit_setup_assistant) by extension 'colcon_meta'
[0.355s] Level 1:colcon.colcon_core.package_identification:_identify(thirdparty/moveit2/moveit_setup_assistant) by extensions ['ros']
[0.355s] Level 1:colcon.colcon_core.package_identification:_identify(thirdparty/moveit2/moveit_setup_assistant) by extension 'ros'
[0.355s] Level 1:colcon.colcon_core.package_identification:_identify(thirdparty/moveit2/moveit_setup_assistant) by extensions ['cmake', 'python']
[0.355s] Level 1:colcon.colcon_core.package_identification:_identify(thirdparty/moveit2/moveit_setup_assistant) by extension 'cmake'
[0.355s] Level 1:colcon.colcon_core.package_identification:_identify(thirdparty/moveit2/moveit_setup_assistant) by extension 'python'
[0.355s] Level 1:colcon.colcon_core.package_identification:_identify(thirdparty/moveit2/moveit_setup_assistant) by extensions ['python_setup_py']
[0.355s] Level 1:colcon.colcon_core.package_identification:_identify(thirdparty/moveit2/moveit_setup_assistant) by extension 'python_setup_py'
[0.355s] Level 1:colcon.colcon_core.package_identification:_identify(thirdparty/moveit2/moveit_setup_assistant/graphics) by extensions ['ignore', 'ignore_ament_install']
[0.355s] Level 1:colcon.colcon_core.package_identification:_identify(thirdparty/moveit2/moveit_setup_assistant/graphics) by extension 'ignore'
[0.355s] Level 1:colcon.colcon_core.package_identification:_identify(thirdparty/moveit2/moveit_setup_assistant/graphics) by extension 'ignore_ament_install'
[0.355s] Level 1:colcon.colcon_core.package_identification:_identify(thirdparty/moveit2/moveit_setup_assistant/graphics) by extensions ['colcon_pkg']
[0.355s] Level 1:colcon.colcon_core.package_identification:_identify(thirdparty/moveit2/moveit_setup_assistant/graphics) by extension 'colcon_pkg'
[0.356s] Level 1:colcon.colcon_core.package_identification:_identify(thirdparty/moveit2/moveit_setup_assistant/graphics) by extensions ['colcon_meta']
[0.356s] Level 1:colcon.colcon_core.package_identification:_identify(thirdparty/moveit2/moveit_setup_assistant/graphics) by extension 'colcon_meta'
[0.356s] Level 1:colcon.colcon_core.package_identification:_identify(thirdparty/moveit2/moveit_setup_assistant/graphics) by extensions ['ros']
[0.356s] Level 1:colcon.colcon_core.package_identification:_identify(thirdparty/moveit2/moveit_setup_assistant/graphics) by extension 'ros'
[0.356s] Level 1:colcon.colcon_core.package_identification:_identify(thirdparty/moveit2/moveit_setup_assistant/graphics) by extensions ['cmake', 'python']
[0.356s] Level 1:colcon.colcon_core.package_identification:_identify(thirdparty/moveit2/moveit_setup_assistant/graphics) by extension 'cmake'
[0.356s] Level 1:colcon.colcon_core.package_identification:_identify(thirdparty/moveit2/moveit_setup_assistant/graphics) by extension 'python'
[0.356s] Level 1:colcon.colcon_core.package_identification:_identify(thirdparty/moveit2/moveit_setup_assistant/graphics) by extensions ['python_setup_py']
[0.356s] Level 1:colcon.colcon_core.package_identification:_identify(thirdparty/moveit2/moveit_setup_assistant/graphics) by extension 'python_setup_py'
[0.356s] Level 1:colcon.colcon_core.package_identification:_identify(thirdparty/moveit2/moveit_setup_assistant/graphics/source) by extensions ['ignore', 'ignore_ament_install']
[0.356s] Level 1:colcon.colcon_core.package_identification:_identify(thirdparty/moveit2/moveit_setup_assistant/graphics/source) by extension 'ignore'
[0.356s] Level 1:colcon.colcon_core.package_identification:_identify(thirdparty/moveit2/moveit_setup_assistant/graphics/source) by extension 'ignore_ament_install'
[0.356s] Level 1:colcon.colcon_core.package_identification:_identify(thirdparty/moveit2/moveit_setup_assistant/graphics/source) by extensions ['colcon_pkg']
[0.356s] Level 1:colcon.colcon_core.package_identification:_identify(thirdparty/moveit2/moveit_setup_assistant/graphics/source) by extension 'colcon_pkg'
[0.356s] Level 1:colcon.colcon_core.package_identification:_identify(thirdparty/moveit2/moveit_setup_assistant/graphics/source) by extensions ['colcon_meta']
[0.356s] Level 1:colcon.colcon_core.package_identification:_identify(thirdparty/moveit2/moveit_setup_assistant/graphics/source) by extension 'colcon_meta'
[0.356s] Level 1:colcon.colcon_core.package_identification:_identify(thirdparty/moveit2/moveit_setup_assistant/graphics/source) by extensions ['ros']
[0.356s] Level 1:colcon.colcon_core.package_identification:_identify(thirdparty/moveit2/moveit_setup_assistant/graphics/source) by extension 'ros'
[0.356s] Level 1:colcon.colcon_core.package_identification:_identify(thirdparty/moveit2/moveit_setup_assistant/graphics/source) by extensions ['cmake', 'python']
[0.357s] Level 1:colcon.colcon_core.package_identification:_identify(thirdparty/moveit2/moveit_setup_assistant/graphics/source) by extension 'cmake'
[0.357s] Level 1:colcon.colcon_core.package_identification:_identify(thirdparty/moveit2/moveit_setup_assistant/graphics/source) by extension 'python'
[0.357s] Level 1:colcon.colcon_core.package_identification:_identify(thirdparty/moveit2/moveit_setup_assistant/graphics/source) by extensions ['python_setup_py']
[0.357s] Level 1:colcon.colcon_core.package_identification:_identify(thirdparty/moveit2/moveit_setup_assistant/graphics/source) by extension 'python_setup_py'
[0.357s] Level 1:colcon.colcon_core.package_identification:_identify(thirdparty/moveit2/moveit_setup_assistant/moveit_setup_app_plugins) by extensions ['ignore', 'ignore_ament_install']
[0.357s] Level 1:colcon.colcon_core.package_identification:_identify(thirdparty/moveit2/moveit_setup_assistant/moveit_setup_app_plugins) by extension 'ignore'
[0.357s] Level 1:colcon.colcon_core.package_identification:_identify(thirdparty/moveit2/moveit_setup_assistant/moveit_setup_app_plugins) by extension 'ignore_ament_install'
[0.357s] Level 1:colcon.colcon_core.package_identification:_identify(thirdparty/moveit2/moveit_setup_assistant/moveit_setup_app_plugins) by extensions ['colcon_pkg']
[0.357s] Level 1:colcon.colcon_core.package_identification:_identify(thirdparty/moveit2/moveit_setup_assistant/moveit_setup_app_plugins) by extension 'colcon_pkg'
[0.357s] Level 1:colcon.colcon_core.package_identification:_identify(thirdparty/moveit2/moveit_setup_assistant/moveit_setup_app_plugins) by extensions ['colcon_meta']
[0.357s] Level 1:colcon.colcon_core.package_identification:_identify(thirdparty/moveit2/moveit_setup_assistant/moveit_setup_app_plugins) by extension 'colcon_meta'
[0.357s] Level 1:colcon.colcon_core.package_identification:_identify(thirdparty/moveit2/moveit_setup_assistant/moveit_setup_app_plugins) by extensions ['ros']
[0.357s] Level 1:colcon.colcon_core.package_identification:_identify(thirdparty/moveit2/moveit_setup_assistant/moveit_setup_app_plugins) by extension 'ros'
[0.358s] DEBUG:colcon.colcon_core.package_identification:Package 'thirdparty/moveit2/moveit_setup_assistant/moveit_setup_app_plugins' with type 'ros.ament_cmake' and name 'moveit_setup_app_plugins'
[0.358s] Level 1:colcon.colcon_core.package_identification:_identify(thirdparty/moveit2/moveit_setup_assistant/moveit_setup_assistant) by extensions ['ignore', 'ignore_ament_install']
[0.358s] Level 1:colcon.colcon_core.package_identification:_identify(thirdparty/moveit2/moveit_setup_assistant/moveit_setup_assistant) by extension 'ignore'
[0.358s] Level 1:colcon.colcon_core.package_identification:_identify(thirdparty/moveit2/moveit_setup_assistant/moveit_setup_assistant) by extension 'ignore_ament_install'
[0.358s] Level 1:colcon.colcon_core.package_identification:_identify(thirdparty/moveit2/moveit_setup_assistant/moveit_setup_assistant) by extensions ['colcon_pkg']
[0.358s] Level 1:colcon.colcon_core.package_identification:_identify(thirdparty/moveit2/moveit_setup_assistant/moveit_setup_assistant) by extension 'colcon_pkg'
[0.358s] Level 1:colcon.colcon_core.package_identification:_identify(thirdparty/moveit2/moveit_setup_assistant/moveit_setup_assistant) by extensions ['colcon_meta']
[0.358s] Level 1:colcon.colcon_core.package_identification:_identify(thirdparty/moveit2/moveit_setup_assistant/moveit_setup_assistant) by extension 'colcon_meta'
[0.359s] Level 1:colcon.colcon_core.package_identification:_identify(thirdparty/moveit2/moveit_setup_assistant/moveit_setup_assistant) by extensions ['ros']
[0.359s] Level 1:colcon.colcon_core.package_identification:_identify(thirdparty/moveit2/moveit_setup_assistant/moveit_setup_assistant) by extension 'ros'
[0.360s] DEBUG:colcon.colcon_core.package_identification:Package 'thirdparty/moveit2/moveit_setup_assistant/moveit_setup_assistant' with type 'ros.ament_cmake' and name 'moveit_setup_assistant'
[0.360s] Level 1:colcon.colcon_core.package_identification:_identify(thirdparty/moveit2/moveit_setup_assistant/moveit_setup_controllers) by extensions ['ignore', 'ignore_ament_install']
[0.360s] Level 1:colcon.colcon_core.package_identification:_identify(thirdparty/moveit2/moveit_setup_assistant/moveit_setup_controllers) by extension 'ignore'
[0.360s] Level 1:colcon.colcon_core.package_identification:_identify(thirdparty/moveit2/moveit_setup_assistant/moveit_setup_controllers) by extension 'ignore_ament_install'
[0.360s] Level 1:colcon.colcon_core.package_identification:_identify(thirdparty/moveit2/moveit_setup_assistant/moveit_setup_controllers) by extensions ['colcon_pkg']
[0.360s] Level 1:colcon.colcon_core.package_identification:_identify(thirdparty/moveit2/moveit_setup_assistant/moveit_setup_controllers) by extension 'colcon_pkg'
[0.360s] Level 1:colcon.colcon_core.package_identification:_identify(thirdparty/moveit2/moveit_setup_assistant/moveit_setup_controllers) by extensions ['colcon_meta']
[0.360s] Level 1:colcon.colcon_core.package_identification:_identify(thirdparty/moveit2/moveit_setup_assistant/moveit_setup_controllers) by extension 'colcon_meta'
[0.360s] Level 1:colcon.colcon_core.package_identification:_identify(thirdparty/moveit2/moveit_setup_assistant/moveit_setup_controllers) by extensions ['ros']
[0.360s] Level 1:colcon.colcon_core.package_identification:_identify(thirdparty/moveit2/moveit_setup_assistant/moveit_setup_controllers) by extension 'ros'
[0.361s] DEBUG:colcon.colcon_core.package_identification:Package 'thirdparty/moveit2/moveit_setup_assistant/moveit_setup_controllers' with type 'ros.ament_cmake' and name 'moveit_setup_controllers'
[0.361s] Level 1:colcon.colcon_core.package_identification:_identify(thirdparty/moveit2/moveit_setup_assistant/moveit_setup_core_plugins) by extensions ['ignore', 'ignore_ament_install']
[0.361s] Level 1:colcon.colcon_core.package_identification:_identify(thirdparty/moveit2/moveit_setup_assistant/moveit_setup_core_plugins) by extension 'ignore'
[0.361s] Level 1:colcon.colcon_core.package_identification:_identify(thirdparty/moveit2/moveit_setup_assistant/moveit_setup_core_plugins) by extension 'ignore_ament_install'
[0.361s] Level 1:colcon.colcon_core.package_identification:_identify(thirdparty/moveit2/moveit_setup_assistant/moveit_setup_core_plugins) by extensions ['colcon_pkg']
[0.361s] Level 1:colcon.colcon_core.package_identification:_identify(thirdparty/moveit2/moveit_setup_assistant/moveit_setup_core_plugins) by extension 'colcon_pkg'
[0.361s] Level 1:colcon.colcon_core.package_identification:_identify(thirdparty/moveit2/moveit_setup_assistant/moveit_setup_core_plugins) by extensions ['colcon_meta']
[0.361s] Level 1:colcon.colcon_core.package_identification:_identify(thirdparty/moveit2/moveit_setup_assistant/moveit_setup_core_plugins) by extension 'colcon_meta'
[0.361s] Level 1:colcon.colcon_core.package_identification:_identify(thirdparty/moveit2/moveit_setup_assistant/moveit_setup_core_plugins) by extensions ['ros']
[0.361s] Level 1:colcon.colcon_core.package_identification:_identify(thirdparty/moveit2/moveit_setup_assistant/moveit_setup_core_plugins) by extension 'ros'
[0.363s] DEBUG:colcon.colcon_core.package_identification:Package 'thirdparty/moveit2/moveit_setup_assistant/moveit_setup_core_plugins' with type 'ros.ament_cmake' and name 'moveit_setup_core_plugins'
[0.363s] Level 1:colcon.colcon_core.package_identification:_identify(thirdparty/moveit2/moveit_setup_assistant/moveit_setup_framework) by extensions ['ignore', 'ignore_ament_install']
[0.363s] Level 1:colcon.colcon_core.package_identification:_identify(thirdparty/moveit2/moveit_setup_assistant/moveit_setup_framework) by extension 'ignore'
[0.363s] Level 1:colcon.colcon_core.package_identification:_identify(thirdparty/moveit2/moveit_setup_assistant/moveit_setup_framework) by extension 'ignore_ament_install'
[0.363s] Level 1:colcon.colcon_core.package_identification:_identify(thirdparty/moveit2/moveit_setup_assistant/moveit_setup_framework) by extensions ['colcon_pkg']
[0.363s] Level 1:colcon.colcon_core.package_identification:_identify(thirdparty/moveit2/moveit_setup_assistant/moveit_setup_framework) by extension 'colcon_pkg'
[0.363s] Level 1:colcon.colcon_core.package_identification:_identify(thirdparty/moveit2/moveit_setup_assistant/moveit_setup_framework) by extensions ['colcon_meta']
[0.363s] Level 1:colcon.colcon_core.package_identification:_identify(thirdparty/moveit2/moveit_setup_assistant/moveit_setup_framework) by extension 'colcon_meta'
[0.363s] Level 1:colcon.colcon_core.package_identification:_identify(thirdparty/moveit2/moveit_setup_assistant/moveit_setup_framework) by extensions ['ros']
[0.363s] Level 1:colcon.colcon_core.package_identification:_identify(thirdparty/moveit2/moveit_setup_assistant/moveit_setup_framework) by extension 'ros'
[0.364s] DEBUG:colcon.colcon_core.package_identification:Package 'thirdparty/moveit2/moveit_setup_assistant/moveit_setup_framework' with type 'ros.ament_cmake' and name 'moveit_setup_framework'
[0.364s] Level 1:colcon.colcon_core.package_identification:_identify(thirdparty/moveit2/moveit_setup_assistant/moveit_setup_simulation) by extensions ['ignore', 'ignore_ament_install']
[0.365s] Level 1:colcon.colcon_core.package_identification:_identify(thirdparty/moveit2/moveit_setup_assistant/moveit_setup_simulation) by extension 'ignore'
[0.365s] Level 1:colcon.colcon_core.package_identification:_identify(thirdparty/moveit2/moveit_setup_assistant/moveit_setup_simulation) ignored
[0.365s] Level 1:colcon.colcon_core.package_identification:_identify(thirdparty/moveit2/moveit_setup_assistant/moveit_setup_srdf_plugins) by extensions ['ignore', 'ignore_ament_install']
[0.365s] Level 1:colcon.colcon_core.package_identification:_identify(thirdparty/moveit2/moveit_setup_assistant/moveit_setup_srdf_plugins) by extension 'ignore'
[0.365s] Level 1:colcon.colcon_core.package_identification:_identify(thirdparty/moveit2/moveit_setup_assistant/moveit_setup_srdf_plugins) by extension 'ignore_ament_install'
[0.365s] Level 1:colcon.colcon_core.package_identification:_identify(thirdparty/moveit2/moveit_setup_assistant/moveit_setup_srdf_plugins) by extensions ['colcon_pkg']
[0.365s] Level 1:colcon.colcon_core.package_identification:_identify(thirdparty/moveit2/moveit_setup_assistant/moveit_setup_srdf_plugins) by extension 'colcon_pkg'
[0.365s] Level 1:colcon.colcon_core.package_identification:_identify(thirdparty/moveit2/moveit_setup_assistant/moveit_setup_srdf_plugins) by extensions ['colcon_meta']
[0.365s] Level 1:colcon.colcon_core.package_identification:_identify(thirdparty/moveit2/moveit_setup_assistant/moveit_setup_srdf_plugins) by extension 'colcon_meta'
[0.365s] Level 1:colcon.colcon_core.package_identification:_identify(thirdparty/moveit2/moveit_setup_assistant/moveit_setup_srdf_plugins) by extensions ['ros']
[0.365s] Level 1:colcon.colcon_core.package_identification:_identify(thirdparty/moveit2/moveit_setup_assistant/moveit_setup_srdf_plugins) by extension 'ros'
[0.366s] DEBUG:colcon.colcon_core.package_identification:Package 'thirdparty/moveit2/moveit_setup_assistant/moveit_setup_srdf_plugins' with type 'ros.ament_cmake' and name 'moveit_setup_srdf_plugins'
[0.366s] Level 1:colcon.colcon_core.package_identification:_identify(thirdparty/moveit2/moveit_setup_assistant/unported_templates) by extensions ['ignore', 'ignore_ament_install']
[0.366s] Level 1:colcon.colcon_core.package_identification:_identify(thirdparty/moveit2/moveit_setup_assistant/unported_templates) by extension 'ignore'
[0.366s] Level 1:colcon.colcon_core.package_identification:_identify(thirdparty/moveit2/moveit_setup_assistant/unported_templates) by extension 'ignore_ament_install'
[0.366s] Level 1:colcon.colcon_core.package_identification:_identify(thirdparty/moveit2/moveit_setup_assistant/unported_templates) by extensions ['colcon_pkg']
[0.366s] Level 1:colcon.colcon_core.package_identification:_identify(thirdparty/moveit2/moveit_setup_assistant/unported_templates) by extension 'colcon_pkg'
[0.366s] Level 1:colcon.colcon_core.package_identification:_identify(thirdparty/moveit2/moveit_setup_assistant/unported_templates) by extensions ['colcon_meta']
[0.366s] Level 1:colcon.colcon_core.package_identification:_identify(thirdparty/moveit2/moveit_setup_assistant/unported_templates) by extension 'colcon_meta'
[0.366s] Level 1:colcon.colcon_core.package_identification:_identify(thirdparty/moveit2/moveit_setup_assistant/unported_templates) by extensions ['ros']
[0.366s] Level 1:colcon.colcon_core.package_identification:_identify(thirdparty/moveit2/moveit_setup_assistant/unported_templates) by extension 'ros'
[0.366s] Level 1:colcon.colcon_core.package_identification:_identify(thirdparty/moveit2/moveit_setup_assistant/unported_templates) by extensions ['cmake', 'python']
[0.366s] Level 1:colcon.colcon_core.package_identification:_identify(thirdparty/moveit2/moveit_setup_assistant/unported_templates) by extension 'cmake'
[0.366s] Level 1:colcon.colcon_core.package_identification:_identify(thirdparty/moveit2/moveit_setup_assistant/unported_templates) by extension 'python'
[0.366s] Level 1:colcon.colcon_core.package_identification:_identify(thirdparty/moveit2/moveit_setup_assistant/unported_templates) by extensions ['python_setup_py']
[0.366s] Level 1:colcon.colcon_core.package_identification:_identify(thirdparty/moveit2/moveit_setup_assistant/unported_templates) by extension 'python_setup_py'
[0.367s] Level 1:colcon.colcon_core.package_identification:_identify(thirdparty/navigation2) by extensions ['ignore', 'ignore_ament_install']
[0.367s] Level 1:colcon.colcon_core.package_identification:_identify(thirdparty/navigation2) by extension 'ignore'
[0.367s] Level 1:colcon.colcon_core.package_identification:_identify(thirdparty/navigation2) by extension 'ignore_ament_install'
[0.367s] Level 1:colcon.colcon_core.package_identification:_identify(thirdparty/navigation2) by extensions ['colcon_pkg']
[0.367s] Level 1:colcon.colcon_core.package_identification:_identify(thirdparty/navigation2) by extension 'colcon_pkg'
[0.367s] Level 1:colcon.colcon_core.package_identification:_identify(thirdparty/navigation2) by extensions ['colcon_meta']
[0.367s] Level 1:colcon.colcon_core.package_identification:_identify(thirdparty/navigation2) by extension 'colcon_meta'
[0.367s] Level 1:colcon.colcon_core.package_identification:_identify(thirdparty/navigation2) by extensions ['ros']
[0.367s] Level 1:colcon.colcon_core.package_identification:_identify(thirdparty/navigation2) by extension 'ros'
[0.367s] Level 1:colcon.colcon_core.package_identification:_identify(thirdparty/navigation2) by extensions ['cmake', 'python']
[0.367s] Level 1:colcon.colcon_core.package_identification:_identify(thirdparty/navigation2) by extension 'cmake'
[0.367s] Level 1:colcon.colcon_core.package_identification:_identify(thirdparty/navigation2) by extension 'python'
[0.367s] Level 1:colcon.colcon_core.package_identification:_identify(thirdparty/navigation2) by extensions ['python_setup_py']
[0.367s] Level 1:colcon.colcon_core.package_identification:_identify(thirdparty/navigation2) by extension 'python_setup_py'
[0.367s] Level 1:colcon.colcon_core.package_identification:_identify(thirdparty/navigation2/doc) by extensions ['ignore', 'ignore_ament_install']
[0.368s] Level 1:colcon.colcon_core.package_identification:_identify(thirdparty/navigation2/doc) by extension 'ignore'
[0.368s] Level 1:colcon.colcon_core.package_identification:_identify(thirdparty/navigation2/doc) by extension 'ignore_ament_install'
[0.368s] Level 1:colcon.colcon_core.package_identification:_identify(thirdparty/navigation2/doc) by extensions ['colcon_pkg']
[0.368s] Level 1:colcon.colcon_core.package_identification:_identify(thirdparty/navigation2/doc) by extension 'colcon_pkg'
[0.368s] Level 1:colcon.colcon_core.package_identification:_identify(thirdparty/navigation2/doc) by extensions ['colcon_meta']
[0.368s] Level 1:colcon.colcon_core.package_identification:_identify(thirdparty/navigation2/doc) by extension 'colcon_meta'
[0.368s] Level 1:colcon.colcon_core.package_identification:_identify(thirdparty/navigation2/doc) by extensions ['ros']
[0.368s] Level 1:colcon.colcon_core.package_identification:_identify(thirdparty/navigation2/doc) by extension 'ros'
[0.368s] Level 1:colcon.colcon_core.package_identification:_identify(thirdparty/navigation2/doc) by extensions ['cmake', 'python']
[0.368s] Level 1:colcon.colcon_core.package_identification:_identify(thirdparty/navigation2/doc) by extension 'cmake'
[0.368s] Level 1:colcon.colcon_core.package_identification:_identify(thirdparty/navigation2/doc) by extension 'python'
[0.368s] Level 1:colcon.colcon_core.package_identification:_identify(thirdparty/navigation2/doc) by extensions ['python_setup_py']
[0.368s] Level 1:colcon.colcon_core.package_identification:_identify(thirdparty/navigation2/doc) by extension 'python_setup_py'
[0.368s] Level 1:colcon.colcon_core.package_identification:_identify(thirdparty/navigation2/doc/architecture) by extensions ['ignore', 'ignore_ament_install']
[0.368s] Level 1:colcon.colcon_core.package_identification:_identify(thirdparty/navigation2/doc/architecture) by extension 'ignore'
[0.368s] Level 1:colcon.colcon_core.package_identification:_identify(thirdparty/navigation2/doc/architecture) by extension 'ignore_ament_install'
[0.368s] Level 1:colcon.colcon_core.package_identification:_identify(thirdparty/navigation2/doc/architecture) by extensions ['colcon_pkg']
[0.368s] Level 1:colcon.colcon_core.package_identification:_identify(thirdparty/navigation2/doc/architecture) by extension 'colcon_pkg'
[0.368s] Level 1:colcon.colcon_core.package_identification:_identify(thirdparty/navigation2/doc/architecture) by extensions ['colcon_meta']
[0.368s] Level 1:colcon.colcon_core.package_identification:_identify(thirdparty/navigation2/doc/architecture) by extension 'colcon_meta'
[0.369s] Level 1:colcon.colcon_core.package_identification:_identify(thirdparty/navigation2/doc/architecture) by extensions ['ros']
[0.369s] Level 1:colcon.colcon_core.package_identification:_identify(thirdparty/navigation2/doc/architecture) by extension 'ros'
[0.369s] Level 1:colcon.colcon_core.package_identification:_identify(thirdparty/navigation2/doc/architecture) by extensions ['cmake', 'python']
[0.369s] Level 1:colcon.colcon_core.package_identification:_identify(thirdparty/navigation2/doc/architecture) by extension 'cmake'
[0.369s] Level 1:colcon.colcon_core.package_identification:_identify(thirdparty/navigation2/doc/architecture) by extension 'python'
[0.369s] Level 1:colcon.colcon_core.package_identification:_identify(thirdparty/navigation2/doc/architecture) by extensions ['python_setup_py']
[0.369s] Level 1:colcon.colcon_core.package_identification:_identify(thirdparty/navigation2/doc/architecture) by extension 'python_setup_py'
[0.369s] Level 1:colcon.colcon_core.package_identification:_identify(thirdparty/navigation2/doc/design) by extensions ['ignore', 'ignore_ament_install']
[0.369s] Level 1:colcon.colcon_core.package_identification:_identify(thirdparty/navigation2/doc/design) by extension 'ignore'
[0.369s] Level 1:colcon.colcon_core.package_identification:_identify(thirdparty/navigation2/doc/design) by extension 'ignore_ament_install'
[0.369s] Level 1:colcon.colcon_core.package_identification:_identify(thirdparty/navigation2/doc/design) by extensions ['colcon_pkg']
[0.369s] Level 1:colcon.colcon_core.package_identification:_identify(thirdparty/navigation2/doc/design) by extension 'colcon_pkg'
[0.369s] Level 1:colcon.colcon_core.package_identification:_identify(thirdparty/navigation2/doc/design) by extensions ['colcon_meta']
[0.369s] Level 1:colcon.colcon_core.package_identification:_identify(thirdparty/navigation2/doc/design) by extension 'colcon_meta'
[0.369s] Level 1:colcon.colcon_core.package_identification:_identify(thirdparty/navigation2/doc/design) by extensions ['ros']
[0.369s] Level 1:colcon.colcon_core.package_identification:_identify(thirdparty/navigation2/doc/design) by extension 'ros'
[0.369s] Level 1:colcon.colcon_core.package_identification:_identify(thirdparty/navigation2/doc/design) by extensions ['cmake', 'python']
[0.369s] Level 1:colcon.colcon_core.package_identification:_identify(thirdparty/navigation2/doc/design) by extension 'cmake'
[0.369s] Level 1:colcon.colcon_core.package_identification:_identify(thirdparty/navigation2/doc/design) by extension 'python'
[0.370s] Level 1:colcon.colcon_core.package_identification:_identify(thirdparty/navigation2/doc/design) by extensions ['python_setup_py']
[0.370s] Level 1:colcon.colcon_core.package_identification:_identify(thirdparty/navigation2/doc/design) by extension 'python_setup_py'
[0.370s] Level 1:colcon.colcon_core.package_identification:_identify(thirdparty/navigation2/doc/development) by extensions ['ignore', 'ignore_ament_install']
[0.370s] Level 1:colcon.colcon_core.package_identification:_identify(thirdparty/navigation2/doc/development) by extension 'ignore'
[0.370s] Level 1:colcon.colcon_core.package_identification:_identify(thirdparty/navigation2/doc/development) by extension 'ignore_ament_install'
[0.370s] Level 1:colcon.colcon_core.package_identification:_identify(thirdparty/navigation2/doc/development) by extensions ['colcon_pkg']
[0.370s] Level 1:colcon.colcon_core.package_identification:_identify(thirdparty/navigation2/doc/development) by extension 'colcon_pkg'
[0.370s] Level 1:colcon.colcon_core.package_identification:_identify(thirdparty/navigation2/doc/development) by extensions ['colcon_meta']
[0.370s] Level 1:colcon.colcon_core.package_identification:_identify(thirdparty/navigation2/doc/development) by extension 'colcon_meta'
[0.370s] Level 1:colcon.colcon_core.package_identification:_identify(thirdparty/navigation2/doc/development) by extensions ['ros']
[0.370s] Level 1:colcon.colcon_core.package_identification:_identify(thirdparty/navigation2/doc/development) by extension 'ros'
[0.370s] Level 1:colcon.colcon_core.package_identification:_identify(thirdparty/navigation2/doc/development) by extensions ['cmake', 'python']
[0.370s] Level 1:colcon.colcon_core.package_identification:_identify(thirdparty/navigation2/doc/development) by extension 'cmake'
[0.370s] Level 1:colcon.colcon_core.package_identification:_identify(thirdparty/navigation2/doc/development) by extension 'python'
[0.370s] Level 1:colcon.colcon_core.package_identification:_identify(thirdparty/navigation2/doc/development) by extensions ['python_setup_py']
[0.370s] Level 1:colcon.colcon_core.package_identification:_identify(thirdparty/navigation2/doc/development) by extension 'python_setup_py'
[0.370s] Level 1:colcon.colcon_core.package_identification:_identify(thirdparty/navigation2/doc/process) by extensions ['ignore', 'ignore_ament_install']
[0.370s] Level 1:colcon.colcon_core.package_identification:_identify(thirdparty/navigation2/doc/process) by extension 'ignore'
[0.371s] Level 1:colcon.colcon_core.package_identification:_identify(thirdparty/navigation2/doc/process) by extension 'ignore_ament_install'
[0.371s] Level 1:colcon.colcon_core.package_identification:_identify(thirdparty/navigation2/doc/process) by extensions ['colcon_pkg']
[0.371s] Level 1:colcon.colcon_core.package_identification:_identify(thirdparty/navigation2/doc/process) by extension 'colcon_pkg'
[0.371s] Level 1:colcon.colcon_core.package_identification:_identify(thirdparty/navigation2/doc/process) by extensions ['colcon_meta']
[0.371s] Level 1:colcon.colcon_core.package_identification:_identify(thirdparty/navigation2/doc/process) by extension 'colcon_meta'
[0.371s] Level 1:colcon.colcon_core.package_identification:_identify(thirdparty/navigation2/doc/process) by extensions ['ros']
[0.371s] Level 1:colcon.colcon_core.package_identification:_identify(thirdparty/navigation2/doc/process) by extension 'ros'
[0.371s] Level 1:colcon.colcon_core.package_identification:_identify(thirdparty/navigation2/doc/process) by extensions ['cmake', 'python']
[0.371s] Level 1:colcon.colcon_core.package_identification:_identify(thirdparty/navigation2/doc/process) by extension 'cmake'
[0.371s] Level 1:colcon.colcon_core.package_identification:_identify(thirdparty/navigation2/doc/process) by extension 'python'
[0.371s] Level 1:colcon.colcon_core.package_identification:_identify(thirdparty/navigation2/doc/process) by extensions ['python_setup_py']
[0.371s] Level 1:colcon.colcon_core.package_identification:_identify(thirdparty/navigation2/doc/process) by extension 'python_setup_py'
[0.371s] Level 1:colcon.colcon_core.package_identification:_identify(thirdparty/navigation2/doc/requirements) by extensions ['ignore', 'ignore_ament_install']
[0.371s] Level 1:colcon.colcon_core.package_identification:_identify(thirdparty/navigation2/doc/requirements) by extension 'ignore'
[0.371s] Level 1:colcon.colcon_core.package_identification:_identify(thirdparty/navigation2/doc/requirements) by extension 'ignore_ament_install'
[0.371s] Level 1:colcon.colcon_core.package_identification:_identify(thirdparty/navigation2/doc/requirements) by extensions ['colcon_pkg']
[0.371s] Level 1:colcon.colcon_core.package_identification:_identify(thirdparty/navigation2/doc/requirements) by extension 'colcon_pkg'
[0.371s] Level 1:colcon.colcon_core.package_identification:_identify(thirdparty/navigation2/doc/requirements) by extensions ['colcon_meta']
[0.371s] Level 1:colcon.colcon_core.package_identification:_identify(thirdparty/navigation2/doc/requirements) by extension 'colcon_meta'
[0.371s] Level 1:colcon.colcon_core.package_identification:_identify(thirdparty/navigation2/doc/requirements) by extensions ['ros']
[0.372s] Level 1:colcon.colcon_core.package_identification:_identify(thirdparty/navigation2/doc/requirements) by extension 'ros'
[0.372s] Level 1:colcon.colcon_core.package_identification:_identify(thirdparty/navigation2/doc/requirements) by extensions ['cmake', 'python']
[0.372s] Level 1:colcon.colcon_core.package_identification:_identify(thirdparty/navigation2/doc/requirements) by extension 'cmake'
[0.372s] Level 1:colcon.colcon_core.package_identification:_identify(thirdparty/navigation2/doc/requirements) by extension 'python'
[0.372s] Level 1:colcon.colcon_core.package_identification:_identify(thirdparty/navigation2/doc/requirements) by extensions ['python_setup_py']
[0.372s] Level 1:colcon.colcon_core.package_identification:_identify(thirdparty/navigation2/doc/requirements) by extension 'python_setup_py'
[0.372s] Level 1:colcon.colcon_core.package_identification:_identify(thirdparty/navigation2/doc/requirements/images) by extensions ['ignore', 'ignore_ament_install']
[0.372s] Level 1:colcon.colcon_core.package_identification:_identify(thirdparty/navigation2/doc/requirements/images) by extension 'ignore'
[0.372s] Level 1:colcon.colcon_core.package_identification:_identify(thirdparty/navigation2/doc/requirements/images) by extension 'ignore_ament_install'
[0.372s] Level 1:colcon.colcon_core.package_identification:_identify(thirdparty/navigation2/doc/requirements/images) by extensions ['colcon_pkg']
[0.372s] Level 1:colcon.colcon_core.package_identification:_identify(thirdparty/navigation2/doc/requirements/images) by extension 'colcon_pkg'
[0.372s] Level 1:colcon.colcon_core.package_identification:_identify(thirdparty/navigation2/doc/requirements/images) by extensions ['colcon_meta']
[0.372s] Level 1:colcon.colcon_core.package_identification:_identify(thirdparty/navigation2/doc/requirements/images) by extension 'colcon_meta'
[0.372s] Level 1:colcon.colcon_core.package_identification:_identify(thirdparty/navigation2/doc/requirements/images) by extensions ['ros']
[0.372s] Level 1:colcon.colcon_core.package_identification:_identify(thirdparty/navigation2/doc/requirements/images) by extension 'ros'
[0.372s] Level 1:colcon.colcon_core.package_identification:_identify(thirdparty/navigation2/doc/requirements/images) by extensions ['cmake', 'python']
[0.372s] Level 1:colcon.colcon_core.package_identification:_identify(thirdparty/navigation2/doc/requirements/images) by extension 'cmake'
[0.372s] Level 1:colcon.colcon_core.package_identification:_identify(thirdparty/navigation2/doc/requirements/images) by extension 'python'
[0.373s] Level 1:colcon.colcon_core.package_identification:_identify(thirdparty/navigation2/doc/requirements/images) by extensions ['python_setup_py']
[0.373s] Level 1:colcon.colcon_core.package_identification:_identify(thirdparty/navigation2/doc/requirements/images) by extension 'python_setup_py'
[0.373s] Level 1:colcon.colcon_core.package_identification:_identify(thirdparty/navigation2/doc/use_cases) by extensions ['ignore', 'ignore_ament_install']
[0.373s] Level 1:colcon.colcon_core.package_identification:_identify(thirdparty/navigation2/doc/use_cases) by extension 'ignore'
[0.373s] Level 1:colcon.colcon_core.package_identification:_identify(thirdparty/navigation2/doc/use_cases) by extension 'ignore_ament_install'
[0.373s] Level 1:colcon.colcon_core.package_identification:_identify(thirdparty/navigation2/doc/use_cases) by extensions ['colcon_pkg']
[0.373s] Level 1:colcon.colcon_core.package_identification:_identify(thirdparty/navigation2/doc/use_cases) by extension 'colcon_pkg'
[0.373s] Level 1:colcon.colcon_core.package_identification:_identify(thirdparty/navigation2/doc/use_cases) by extensions ['colcon_meta']
[0.373s] Level 1:colcon.colcon_core.package_identification:_identify(thirdparty/navigation2/doc/use_cases) by extension 'colcon_meta'
[0.373s] Level 1:colcon.colcon_core.package_identification:_identify(thirdparty/navigation2/doc/use_cases) by extensions ['ros']
[0.373s] Level 1:colcon.colcon_core.package_identification:_identify(thirdparty/navigation2/doc/use_cases) by extension 'ros'
[0.373s] Level 1:colcon.colcon_core.package_identification:_identify(thirdparty/navigation2/doc/use_cases) by extensions ['cmake', 'python']
[0.373s] Level 1:colcon.colcon_core.package_identification:_identify(thirdparty/navigation2/doc/use_cases) by extension 'cmake'
[0.373s] Level 1:colcon.colcon_core.package_identification:_identify(thirdparty/navigation2/doc/use_cases) by extension 'python'
[0.373s] Level 1:colcon.colcon_core.package_identification:_identify(thirdparty/navigation2/doc/use_cases) by extensions ['python_setup_py']
[0.373s] Level 1:colcon.colcon_core.package_identification:_identify(thirdparty/navigation2/doc/use_cases) by extension 'python_setup_py'
[0.373s] Level 1:colcon.colcon_core.package_identification:_identify(thirdparty/navigation2/nav2_amcl) by extensions ['ignore', 'ignore_ament_install']
[0.373s] Level 1:colcon.colcon_core.package_identification:_identify(thirdparty/navigation2/nav2_amcl) by extension 'ignore'
[0.374s] Level 1:colcon.colcon_core.package_identification:_identify(thirdparty/navigation2/nav2_amcl) by extension 'ignore_ament_install'
[0.374s] Level 1:colcon.colcon_core.package_identification:_identify(thirdparty/navigation2/nav2_amcl) by extensions ['colcon_pkg']
[0.374s] Level 1:colcon.colcon_core.package_identification:_identify(thirdparty/navigation2/nav2_amcl) by extension 'colcon_pkg'
[0.374s] Level 1:colcon.colcon_core.package_identification:_identify(thirdparty/navigation2/nav2_amcl) by extensions ['colcon_meta']
[0.374s] Level 1:colcon.colcon_core.package_identification:_identify(thirdparty/navigation2/nav2_amcl) by extension 'colcon_meta'
[0.374s] Level 1:colcon.colcon_core.package_identification:_identify(thirdparty/navigation2/nav2_amcl) by extensions ['ros']
[0.374s] Level 1:colcon.colcon_core.package_identification:_identify(thirdparty/navigation2/nav2_amcl) by extension 'ros'
[0.375s] DEBUG:colcon.colcon_core.package_identification:Package 'thirdparty/navigation2/nav2_amcl' with type 'ros.ament_cmake' and name 'nav2_amcl'
[0.376s] Level 1:colcon.colcon_core.package_identification:_identify(thirdparty/navigation2/nav2_behavior_tree) by extensions ['ignore', 'ignore_ament_install']
[0.376s] Level 1:colcon.colcon_core.package_identification:_identify(thirdparty/navigation2/nav2_behavior_tree) by extension 'ignore'
[0.376s] Level 1:colcon.colcon_core.package_identification:_identify(thirdparty/navigation2/nav2_behavior_tree) by extension 'ignore_ament_install'
[0.376s] Level 1:colcon.colcon_core.package_identification:_identify(thirdparty/navigation2/nav2_behavior_tree) by extensions ['colcon_pkg']
[0.376s] Level 1:colcon.colcon_core.package_identification:_identify(thirdparty/navigation2/nav2_behavior_tree) by extension 'colcon_pkg'
[0.376s] Level 1:colcon.colcon_core.package_identification:_identify(thirdparty/navigation2/nav2_behavior_tree) by extensions ['colcon_meta']
[0.376s] Level 1:colcon.colcon_core.package_identification:_identify(thirdparty/navigation2/nav2_behavior_tree) by extension 'colcon_meta'
[0.376s] Level 1:colcon.colcon_core.package_identification:_identify(thirdparty/navigation2/nav2_behavior_tree) by extensions ['ros']
[0.376s] Level 1:colcon.colcon_core.package_identification:_identify(thirdparty/navigation2/nav2_behavior_tree) by extension 'ros'
[0.377s] DEBUG:colcon.colcon_core.package_identification:Package 'thirdparty/navigation2/nav2_behavior_tree' with type 'ros.ament_cmake' and name 'nav2_behavior_tree'
[0.377s] Level 1:colcon.colcon_core.package_identification:_identify(thirdparty/navigation2/nav2_behaviors) by extensions ['ignore', 'ignore_ament_install']
[0.377s] Level 1:colcon.colcon_core.package_identification:_identify(thirdparty/navigation2/nav2_behaviors) by extension 'ignore'
[0.377s] Level 1:colcon.colcon_core.package_identification:_identify(thirdparty/navigation2/nav2_behaviors) by extension 'ignore_ament_install'
[0.377s] Level 1:colcon.colcon_core.package_identification:_identify(thirdparty/navigation2/nav2_behaviors) by extensions ['colcon_pkg']
[0.377s] Level 1:colcon.colcon_core.package_identification:_identify(thirdparty/navigation2/nav2_behaviors) by extension 'colcon_pkg'
[0.377s] Level 1:colcon.colcon_core.package_identification:_identify(thirdparty/navigation2/nav2_behaviors) by extensions ['colcon_meta']
[0.377s] Level 1:colcon.colcon_core.package_identification:_identify(thirdparty/navigation2/nav2_behaviors) by extension 'colcon_meta'
[0.377s] Level 1:colcon.colcon_core.package_identification:_identify(thirdparty/navigation2/nav2_behaviors) by extensions ['ros']
[0.377s] Level 1:colcon.colcon_core.package_identification:_identify(thirdparty/navigation2/nav2_behaviors) by extension 'ros'
[0.378s] DEBUG:colcon.colcon_core.package_identification:Package 'thirdparty/navigation2/nav2_behaviors' with type 'ros.ament_cmake' and name 'nav2_behaviors'
[0.378s] Level 1:colcon.colcon_core.package_identification:_identify(thirdparty/navigation2/nav2_bringup) by extensions ['ignore', 'ignore_ament_install']
[0.378s] Level 1:colcon.colcon_core.package_identification:_identify(thirdparty/navigation2/nav2_bringup) by extension 'ignore'
[0.379s] Level 1:colcon.colcon_core.package_identification:_identify(thirdparty/navigation2/nav2_bringup) by extension 'ignore_ament_install'
[0.379s] Level 1:colcon.colcon_core.package_identification:_identify(thirdparty/navigation2/nav2_bringup) by extensions ['colcon_pkg']
[0.379s] Level 1:colcon.colcon_core.package_identification:_identify(thirdparty/navigation2/nav2_bringup) by extension 'colcon_pkg'
[0.379s] Level 1:colcon.colcon_core.package_identification:_identify(thirdparty/navigation2/nav2_bringup) by extensions ['colcon_meta']
[0.379s] Level 1:colcon.colcon_core.package_identification:_identify(thirdparty/navigation2/nav2_bringup) by extension 'colcon_meta'
[0.379s] Level 1:colcon.colcon_core.package_identification:_identify(thirdparty/navigation2/nav2_bringup) by extensions ['ros']
[0.379s] Level 1:colcon.colcon_core.package_identification:_identify(thirdparty/navigation2/nav2_bringup) by extension 'ros'
[0.380s] DEBUG:colcon.colcon_core.package_identification:Package 'thirdparty/navigation2/nav2_bringup' with type 'ros.ament_cmake' and name 'nav2_bringup'
[0.380s] Level 1:colcon.colcon_core.package_identification:_identify(thirdparty/navigation2/nav2_bt_navigator) by extensions ['ignore', 'ignore_ament_install']
[0.380s] Level 1:colcon.colcon_core.package_identification:_identify(thirdparty/navigation2/nav2_bt_navigator) by extension 'ignore'
[0.380s] Level 1:colcon.colcon_core.package_identification:_identify(thirdparty/navigation2/nav2_bt_navigator) by extension 'ignore_ament_install'
[0.380s] Level 1:colcon.colcon_core.package_identification:_identify(thirdparty/navigation2/nav2_bt_navigator) by extensions ['colcon_pkg']
[0.380s] Level 1:colcon.colcon_core.package_identification:_identify(thirdparty/navigation2/nav2_bt_navigator) by extension 'colcon_pkg'
[0.380s] Level 1:colcon.colcon_core.package_identification:_identify(thirdparty/navigation2/nav2_bt_navigator) by extensions ['colcon_meta']
[0.380s] Level 1:colcon.colcon_core.package_identification:_identify(thirdparty/navigation2/nav2_bt_navigator) by extension 'colcon_meta'
[0.380s] Level 1:colcon.colcon_core.package_identification:_identify(thirdparty/navigation2/nav2_bt_navigator) by extensions ['ros']
[0.380s] Level 1:colcon.colcon_core.package_identification:_identify(thirdparty/navigation2/nav2_bt_navigator) by extension 'ros'
[0.381s] DEBUG:colcon.colcon_core.package_identification:Package 'thirdparty/navigation2/nav2_bt_navigator' with type 'ros.ament_cmake' and name 'nav2_bt_navigator'
[0.381s] Level 1:colcon.colcon_core.package_identification:_identify(thirdparty/navigation2/nav2_collision_monitor) by extensions ['ignore', 'ignore_ament_install']
[0.381s] Level 1:colcon.colcon_core.package_identification:_identify(thirdparty/navigation2/nav2_collision_monitor) by extension 'ignore'
[0.381s] Level 1:colcon.colcon_core.package_identification:_identify(thirdparty/navigation2/nav2_collision_monitor) by extension 'ignore_ament_install'
[0.381s] Level 1:colcon.colcon_core.package_identification:_identify(thirdparty/navigation2/nav2_collision_monitor) by extensions ['colcon_pkg']
[0.381s] Level 1:colcon.colcon_core.package_identification:_identify(thirdparty/navigation2/nav2_collision_monitor) by extension 'colcon_pkg'
[0.381s] Level 1:colcon.colcon_core.package_identification:_identify(thirdparty/navigation2/nav2_collision_monitor) by extensions ['colcon_meta']
[0.381s] Level 1:colcon.colcon_core.package_identification:_identify(thirdparty/navigation2/nav2_collision_monitor) by extension 'colcon_meta'
[0.382s] Level 1:colcon.colcon_core.package_identification:_identify(thirdparty/navigation2/nav2_collision_monitor) by extensions ['ros']
[0.382s] Level 1:colcon.colcon_core.package_identification:_identify(thirdparty/navigation2/nav2_collision_monitor) by extension 'ros'
[0.383s] DEBUG:colcon.colcon_core.package_identification:Package 'thirdparty/navigation2/nav2_collision_monitor' with type 'ros.ament_cmake' and name 'nav2_collision_monitor'
[0.383s] Level 1:colcon.colcon_core.package_identification:_identify(thirdparty/navigation2/nav2_common) by extensions ['ignore', 'ignore_ament_install']
[0.383s] Level 1:colcon.colcon_core.package_identification:_identify(thirdparty/navigation2/nav2_common) by extension 'ignore'
[0.383s] Level 1:colcon.colcon_core.package_identification:_identify(thirdparty/navigation2/nav2_common) by extension 'ignore_ament_install'
[0.383s] Level 1:colcon.colcon_core.package_identification:_identify(thirdparty/navigation2/nav2_common) by extensions ['colcon_pkg']
[0.383s] Level 1:colcon.colcon_core.package_identification:_identify(thirdparty/navigation2/nav2_common) by extension 'colcon_pkg'
[0.383s] Level 1:colcon.colcon_core.package_identification:_identify(thirdparty/navigation2/nav2_common) by extensions ['colcon_meta']
[0.383s] Level 1:colcon.colcon_core.package_identification:_identify(thirdparty/navigation2/nav2_common) by extension 'colcon_meta'
[0.383s] Level 1:colcon.colcon_core.package_identification:_identify(thirdparty/navigation2/nav2_common) by extensions ['ros']
[0.384s] Level 1:colcon.colcon_core.package_identification:_identify(thirdparty/navigation2/nav2_common) by extension 'ros'
[0.384s] DEBUG:colcon.colcon_core.package_identification:Package 'thirdparty/navigation2/nav2_common' with type 'ros.ament_cmake' and name 'nav2_common'
[0.384s] Level 1:colcon.colcon_core.package_identification:_identify(thirdparty/navigation2/nav2_constrained_smoother) by extensions ['ignore', 'ignore_ament_install']
[0.384s] Level 1:colcon.colcon_core.package_identification:_identify(thirdparty/navigation2/nav2_constrained_smoother) by extension 'ignore'
[0.385s] Level 1:colcon.colcon_core.package_identification:_identify(thirdparty/navigation2/nav2_constrained_smoother) by extension 'ignore_ament_install'
[0.385s] Level 1:colcon.colcon_core.package_identification:_identify(thirdparty/navigation2/nav2_constrained_smoother) by extensions ['colcon_pkg']
[0.385s] Level 1:colcon.colcon_core.package_identification:_identify(thirdparty/navigation2/nav2_constrained_smoother) by extension 'colcon_pkg'
[0.385s] Level 1:colcon.colcon_core.package_identification:_identify(thirdparty/navigation2/nav2_constrained_smoother) by extensions ['colcon_meta']
[0.385s] Level 1:colcon.colcon_core.package_identification:_identify(thirdparty/navigation2/nav2_constrained_smoother) by extension 'colcon_meta'
[0.385s] Level 1:colcon.colcon_core.package_identification:_identify(thirdparty/navigation2/nav2_constrained_smoother) by extensions ['ros']
[0.385s] Level 1:colcon.colcon_core.package_identification:_identify(thirdparty/navigation2/nav2_constrained_smoother) by extension 'ros'
[0.386s] DEBUG:colcon.colcon_core.package_identification:Package 'thirdparty/navigation2/nav2_constrained_smoother' with type 'ros.ament_cmake' and name 'nav2_constrained_smoother'
[0.386s] Level 1:colcon.colcon_core.package_identification:_identify(thirdparty/navigation2/nav2_controller) by extensions ['ignore', 'ignore_ament_install']
[0.386s] Level 1:colcon.colcon_core.package_identification:_identify(thirdparty/navigation2/nav2_controller) by extension 'ignore'
[0.386s] Level 1:colcon.colcon_core.package_identification:_identify(thirdparty/navigation2/nav2_controller) by extension 'ignore_ament_install'
[0.386s] Level 1:colcon.colcon_core.package_identification:_identify(thirdparty/navigation2/nav2_controller) by extensions ['colcon_pkg']
[0.386s] Level 1:colcon.colcon_core.package_identification:_identify(thirdparty/navigation2/nav2_controller) by extension 'colcon_pkg'
[0.386s] Level 1:colcon.colcon_core.package_identification:_identify(thirdparty/navigation2/nav2_controller) by extensions ['colcon_meta']
[0.386s] Level 1:colcon.colcon_core.package_identification:_identify(thirdparty/navigation2/nav2_controller) by extension 'colcon_meta'
[0.387s] Level 1:colcon.colcon_core.package_identification:_identify(thirdparty/navigation2/nav2_controller) by extensions ['ros']
[0.387s] Level 1:colcon.colcon_core.package_identification:_identify(thirdparty/navigation2/nav2_controller) by extension 'ros'
[0.388s] DEBUG:colcon.colcon_core.package_identification:Package 'thirdparty/navigation2/nav2_controller' with type 'ros.ament_cmake' and name 'nav2_controller'
[0.388s] Level 1:colcon.colcon_core.package_identification:_identify(thirdparty/navigation2/nav2_core) by extensions ['ignore', 'ignore_ament_install']
[0.388s] Level 1:colcon.colcon_core.package_identification:_identify(thirdparty/navigation2/nav2_core) by extension 'ignore'
[0.388s] Level 1:colcon.colcon_core.package_identification:_identify(thirdparty/navigation2/nav2_core) by extension 'ignore_ament_install'
[0.388s] Level 1:colcon.colcon_core.package_identification:_identify(thirdparty/navigation2/nav2_core) by extensions ['colcon_pkg']
[0.388s] Level 1:colcon.colcon_core.package_identification:_identify(thirdparty/navigation2/nav2_core) by extension 'colcon_pkg'
[0.388s] Level 1:colcon.colcon_core.package_identification:_identify(thirdparty/navigation2/nav2_core) by extensions ['colcon_meta']
[0.388s] Level 1:colcon.colcon_core.package_identification:_identify(thirdparty/navigation2/nav2_core) by extension 'colcon_meta'
[0.388s] Level 1:colcon.colcon_core.package_identification:_identify(thirdparty/navigation2/nav2_core) by extensions ['ros']
[0.388s] Level 1:colcon.colcon_core.package_identification:_identify(thirdparty/navigation2/nav2_core) by extension 'ros'
[0.390s] DEBUG:colcon.colcon_core.package_identification:Package 'thirdparty/navigation2/nav2_core' with type 'ros.ament_cmake' and name 'nav2_core'
[0.390s] Level 1:colcon.colcon_core.package_identification:_identify(thirdparty/navigation2/nav2_costmap_2d) by extensions ['ignore', 'ignore_ament_install']
[0.390s] Level 1:colcon.colcon_core.package_identification:_identify(thirdparty/navigation2/nav2_costmap_2d) by extension 'ignore'
[0.390s] Level 1:colcon.colcon_core.package_identification:_identify(thirdparty/navigation2/nav2_costmap_2d) by extension 'ignore_ament_install'
[0.390s] Level 1:colcon.colcon_core.package_identification:_identify(thirdparty/navigation2/nav2_costmap_2d) by extensions ['colcon_pkg']
[0.390s] Level 1:colcon.colcon_core.package_identification:_identify(thirdparty/navigation2/nav2_costmap_2d) by extension 'colcon_pkg'
[0.390s] Level 1:colcon.colcon_core.package_identification:_identify(thirdparty/navigation2/nav2_costmap_2d) by extensions ['colcon_meta']
[0.390s] Level 1:colcon.colcon_core.package_identification:_identify(thirdparty/navigation2/nav2_costmap_2d) by extension 'colcon_meta'
[0.390s] Level 1:colcon.colcon_core.package_identification:_identify(thirdparty/navigation2/nav2_costmap_2d) by extensions ['ros']
[0.390s] Level 1:colcon.colcon_core.package_identification:_identify(thirdparty/navigation2/nav2_costmap_2d) by extension 'ros'
[0.392s] DEBUG:colcon.colcon_core.package_identification:Package 'thirdparty/navigation2/nav2_costmap_2d' with type 'ros.ament_cmake' and name 'nav2_costmap_2d'
[0.392s] Level 1:colcon.colcon_core.package_identification:_identify(thirdparty/navigation2/nav2_docking) by extensions ['ignore', 'ignore_ament_install']
[0.393s] Level 1:colcon.colcon_core.package_identification:_identify(thirdparty/navigation2/nav2_docking) by extension 'ignore'
[0.393s] Level 1:colcon.colcon_core.package_identification:_identify(thirdparty/navigation2/nav2_docking) by extension 'ignore_ament_install'
[0.393s] Level 1:colcon.colcon_core.package_identification:_identify(thirdparty/navigation2/nav2_docking) by extensions ['colcon_pkg']
[0.393s] Level 1:colcon.colcon_core.package_identification:_identify(thirdparty/navigation2/nav2_docking) by extension 'colcon_pkg'
[0.393s] Level 1:colcon.colcon_core.package_identification:_identify(thirdparty/navigation2/nav2_docking) by extensions ['colcon_meta']
[0.393s] Level 1:colcon.colcon_core.package_identification:_identify(thirdparty/navigation2/nav2_docking) by extension 'colcon_meta'
[0.393s] Level 1:colcon.colcon_core.package_identification:_identify(thirdparty/navigation2/nav2_docking) by extensions ['ros']
[0.393s] Level 1:colcon.colcon_core.package_identification:_identify(thirdparty/navigation2/nav2_docking) by extension 'ros'
[0.393s] Level 1:colcon.colcon_core.package_identification:_identify(thirdparty/navigation2/nav2_docking) by extensions ['cmake', 'python']
[0.393s] Level 1:colcon.colcon_core.package_identification:_identify(thirdparty/navigation2/nav2_docking) by extension 'cmake'
[0.393s] Level 1:colcon.colcon_core.package_identification:_identify(thirdparty/navigation2/nav2_docking) by extension 'python'
[0.393s] Level 1:colcon.colcon_core.package_identification:_identify(thirdparty/navigation2/nav2_docking) by extensions ['python_setup_py']
[0.393s] Level 1:colcon.colcon_core.package_identification:_identify(thirdparty/navigation2/nav2_docking) by extension 'python_setup_py'
[0.393s] Level 1:colcon.colcon_core.package_identification:_identify(thirdparty/navigation2/nav2_docking/docs) by extensions ['ignore', 'ignore_ament_install']
[0.393s] Level 1:colcon.colcon_core.package_identification:_identify(thirdparty/navigation2/nav2_docking/docs) by extension 'ignore'
[0.393s] Level 1:colcon.colcon_core.package_identification:_identify(thirdparty/navigation2/nav2_docking/docs) by extension 'ignore_ament_install'
[0.393s] Level 1:colcon.colcon_core.package_identification:_identify(thirdparty/navigation2/nav2_docking/docs) by extensions ['colcon_pkg']
[0.393s] Level 1:colcon.colcon_core.package_identification:_identify(thirdparty/navigation2/nav2_docking/docs) by extension 'colcon_pkg'
[0.394s] Level 1:colcon.colcon_core.package_identification:_identify(thirdparty/navigation2/nav2_docking/docs) by extensions ['colcon_meta']
[0.394s] Level 1:colcon.colcon_core.package_identification:_identify(thirdparty/navigation2/nav2_docking/docs) by extension 'colcon_meta'
[0.394s] Level 1:colcon.colcon_core.package_identification:_identify(thirdparty/navigation2/nav2_docking/docs) by extensions ['ros']
[0.394s] Level 1:colcon.colcon_core.package_identification:_identify(thirdparty/navigation2/nav2_docking/docs) by extension 'ros'
[0.394s] Level 1:colcon.colcon_core.package_identification:_identify(thirdparty/navigation2/nav2_docking/docs) by extensions ['cmake', 'python']
[0.394s] Level 1:colcon.colcon_core.package_identification:_identify(thirdparty/navigation2/nav2_docking/docs) by extension 'cmake'
[0.394s] Level 1:colcon.colcon_core.package_identification:_identify(thirdparty/navigation2/nav2_docking/docs) by extension 'python'
[0.394s] Level 1:colcon.colcon_core.package_identification:_identify(thirdparty/navigation2/nav2_docking/docs) by extensions ['python_setup_py']
[0.394s] Level 1:colcon.colcon_core.package_identification:_identify(thirdparty/navigation2/nav2_docking/docs) by extension 'python_setup_py'
[0.394s] Level 1:colcon.colcon_core.package_identification:_identify(thirdparty/navigation2/nav2_docking/opennav_docking) by extensions ['ignore', 'ignore_ament_install']
[0.394s] Level 1:colcon.colcon_core.package_identification:_identify(thirdparty/navigation2/nav2_docking/opennav_docking) by extension 'ignore'
[0.394s] Level 1:colcon.colcon_core.package_identification:_identify(thirdparty/navigation2/nav2_docking/opennav_docking) by extension 'ignore_ament_install'
[0.394s] Level 1:colcon.colcon_core.package_identification:_identify(thirdparty/navigation2/nav2_docking/opennav_docking) by extensions ['colcon_pkg']
[0.394s] Level 1:colcon.colcon_core.package_identification:_identify(thirdparty/navigation2/nav2_docking/opennav_docking) by extension 'colcon_pkg'
[0.394s] Level 1:colcon.colcon_core.package_identification:_identify(thirdparty/navigation2/nav2_docking/opennav_docking) by extensions ['colcon_meta']
[0.394s] Level 1:colcon.colcon_core.package_identification:_identify(thirdparty/navigation2/nav2_docking/opennav_docking) by extension 'colcon_meta'
[0.394s] Level 1:colcon.colcon_core.package_identification:_identify(thirdparty/navigation2/nav2_docking/opennav_docking) by extensions ['ros']
[0.394s] Level 1:colcon.colcon_core.package_identification:_identify(thirdparty/navigation2/nav2_docking/opennav_docking) by extension 'ros'
[0.396s] DEBUG:colcon.colcon_core.package_identification:Package 'thirdparty/navigation2/nav2_docking/opennav_docking' with type 'ros.ament_cmake' and name 'opennav_docking'
[0.396s] Level 1:colcon.colcon_core.package_identification:_identify(thirdparty/navigation2/nav2_docking/opennav_docking_bt) by extensions ['ignore', 'ignore_ament_install']
[0.396s] Level 1:colcon.colcon_core.package_identification:_identify(thirdparty/navigation2/nav2_docking/opennav_docking_bt) by extension 'ignore'
[0.396s] Level 1:colcon.colcon_core.package_identification:_identify(thirdparty/navigation2/nav2_docking/opennav_docking_bt) by extension 'ignore_ament_install'
[0.396s] Level 1:colcon.colcon_core.package_identification:_identify(thirdparty/navigation2/nav2_docking/opennav_docking_bt) by extensions ['colcon_pkg']
[0.396s] Level 1:colcon.colcon_core.package_identification:_identify(thirdparty/navigation2/nav2_docking/opennav_docking_bt) by extension 'colcon_pkg'
[0.396s] Level 1:colcon.colcon_core.package_identification:_identify(thirdparty/navigation2/nav2_docking/opennav_docking_bt) by extensions ['colcon_meta']
[0.396s] Level 1:colcon.colcon_core.package_identification:_identify(thirdparty/navigation2/nav2_docking/opennav_docking_bt) by extension 'colcon_meta'
[0.396s] Level 1:colcon.colcon_core.package_identification:_identify(thirdparty/navigation2/nav2_docking/opennav_docking_bt) by extensions ['ros']
[0.397s] Level 1:colcon.colcon_core.package_identification:_identify(thirdparty/navigation2/nav2_docking/opennav_docking_bt) by extension 'ros'
[0.398s] DEBUG:colcon.colcon_core.package_identification:Package 'thirdparty/navigation2/nav2_docking/opennav_docking_bt' with type 'ros.ament_cmake' and name 'opennav_docking_bt'
[0.398s] Level 1:colcon.colcon_core.package_identification:_identify(thirdparty/navigation2/nav2_docking/opennav_docking_core) by extensions ['ignore', 'ignore_ament_install']
[0.398s] Level 1:colcon.colcon_core.package_identification:_identify(thirdparty/navigation2/nav2_docking/opennav_docking_core) by extension 'ignore'
[0.398s] Level 1:colcon.colcon_core.package_identification:_identify(thirdparty/navigation2/nav2_docking/opennav_docking_core) by extension 'ignore_ament_install'
[0.398s] Level 1:colcon.colcon_core.package_identification:_identify(thirdparty/navigation2/nav2_docking/opennav_docking_core) by extensions ['colcon_pkg']
[0.398s] Level 1:colcon.colcon_core.package_identification:_identify(thirdparty/navigation2/nav2_docking/opennav_docking_core) by extension 'colcon_pkg'
[0.398s] Level 1:colcon.colcon_core.package_identification:_identify(thirdparty/navigation2/nav2_docking/opennav_docking_core) by extensions ['colcon_meta']
[0.398s] Level 1:colcon.colcon_core.package_identification:_identify(thirdparty/navigation2/nav2_docking/opennav_docking_core) by extension 'colcon_meta'
[0.398s] Level 1:colcon.colcon_core.package_identification:_identify(thirdparty/navigation2/nav2_docking/opennav_docking_core) by extensions ['ros']
[0.398s] Level 1:colcon.colcon_core.package_identification:_identify(thirdparty/navigation2/nav2_docking/opennav_docking_core) by extension 'ros'
[0.399s] DEBUG:colcon.colcon_core.package_identification:Package 'thirdparty/navigation2/nav2_docking/opennav_docking_core' with type 'ros.ament_cmake' and name 'opennav_docking_core'
[0.399s] Level 1:colcon.colcon_core.package_identification:_identify(thirdparty/navigation2/nav2_dwb_controller) by extensions ['ignore', 'ignore_ament_install']
[0.399s] Level 1:colcon.colcon_core.package_identification:_identify(thirdparty/navigation2/nav2_dwb_controller) by extension 'ignore'
[0.399s] Level 1:colcon.colcon_core.package_identification:_identify(thirdparty/navigation2/nav2_dwb_controller) by extension 'ignore_ament_install'
[0.399s] Level 1:colcon.colcon_core.package_identification:_identify(thirdparty/navigation2/nav2_dwb_controller) by extensions ['colcon_pkg']
[0.399s] Level 1:colcon.colcon_core.package_identification:_identify(thirdparty/navigation2/nav2_dwb_controller) by extension 'colcon_pkg'
[0.399s] Level 1:colcon.colcon_core.package_identification:_identify(thirdparty/navigation2/nav2_dwb_controller) by extensions ['colcon_meta']
[0.399s] Level 1:colcon.colcon_core.package_identification:_identify(thirdparty/navigation2/nav2_dwb_controller) by extension 'colcon_meta'
[0.399s] Level 1:colcon.colcon_core.package_identification:_identify(thirdparty/navigation2/nav2_dwb_controller) by extensions ['ros']
[0.399s] Level 1:colcon.colcon_core.package_identification:_identify(thirdparty/navigation2/nav2_dwb_controller) by extension 'ros'
[0.400s] Level 1:colcon.colcon_core.package_identification:_identify(thirdparty/navigation2/nav2_dwb_controller) by extensions ['cmake', 'python']
[0.400s] Level 1:colcon.colcon_core.package_identification:_identify(thirdparty/navigation2/nav2_dwb_controller) by extension 'cmake'
[0.400s] Level 1:colcon.colcon_core.package_identification:_identify(thirdparty/navigation2/nav2_dwb_controller) by extension 'python'
[0.400s] Level 1:colcon.colcon_core.package_identification:_identify(thirdparty/navigation2/nav2_dwb_controller) by extensions ['python_setup_py']
[0.400s] Level 1:colcon.colcon_core.package_identification:_identify(thirdparty/navigation2/nav2_dwb_controller) by extension 'python_setup_py'
[0.400s] Level 1:colcon.colcon_core.package_identification:_identify(thirdparty/navigation2/nav2_dwb_controller/costmap_queue) by extensions ['ignore', 'ignore_ament_install']
[0.400s] Level 1:colcon.colcon_core.package_identification:_identify(thirdparty/navigation2/nav2_dwb_controller/costmap_queue) by extension 'ignore'
[0.400s] Level 1:colcon.colcon_core.package_identification:_identify(thirdparty/navigation2/nav2_dwb_controller/costmap_queue) by extension 'ignore_ament_install'
[0.400s] Level 1:colcon.colcon_core.package_identification:_identify(thirdparty/navigation2/nav2_dwb_controller/costmap_queue) by extensions ['colcon_pkg']
[0.400s] Level 1:colcon.colcon_core.package_identification:_identify(thirdparty/navigation2/nav2_dwb_controller/costmap_queue) by extension 'colcon_pkg'
[0.400s] Level 1:colcon.colcon_core.package_identification:_identify(thirdparty/navigation2/nav2_dwb_controller/costmap_queue) by extensions ['colcon_meta']
[0.400s] Level 1:colcon.colcon_core.package_identification:_identify(thirdparty/navigation2/nav2_dwb_controller/costmap_queue) by extension 'colcon_meta'
[0.400s] Level 1:colcon.colcon_core.package_identification:_identify(thirdparty/navigation2/nav2_dwb_controller/costmap_queue) by extensions ['ros']
[0.400s] Level 1:colcon.colcon_core.package_identification:_identify(thirdparty/navigation2/nav2_dwb_controller/costmap_queue) by extension 'ros'
[0.401s] DEBUG:colcon.colcon_core.package_identification:Package 'thirdparty/navigation2/nav2_dwb_controller/costmap_queue' with type 'ros.ament_cmake' and name 'costmap_queue'
[0.401s] Level 1:colcon.colcon_core.package_identification:_identify(thirdparty/navigation2/nav2_dwb_controller/dwb_core) by extensions ['ignore', 'ignore_ament_install']
[0.401s] Level 1:colcon.colcon_core.package_identification:_identify(thirdparty/navigation2/nav2_dwb_controller/dwb_core) by extension 'ignore'
[0.401s] Level 1:colcon.colcon_core.package_identification:_identify(thirdparty/navigation2/nav2_dwb_controller/dwb_core) by extension 'ignore_ament_install'
[0.401s] Level 1:colcon.colcon_core.package_identification:_identify(thirdparty/navigation2/nav2_dwb_controller/dwb_core) by extensions ['colcon_pkg']
[0.401s] Level 1:colcon.colcon_core.package_identification:_identify(thirdparty/navigation2/nav2_dwb_controller/dwb_core) by extension 'colcon_pkg'
[0.401s] Level 1:colcon.colcon_core.package_identification:_identify(thirdparty/navigation2/nav2_dwb_controller/dwb_core) by extensions ['colcon_meta']
[0.401s] Level 1:colcon.colcon_core.package_identification:_identify(thirdparty/navigation2/nav2_dwb_controller/dwb_core) by extension 'colcon_meta'
[0.401s] Level 1:colcon.colcon_core.package_identification:_identify(thirdparty/navigation2/nav2_dwb_controller/dwb_core) by extensions ['ros']
[0.401s] Level 1:colcon.colcon_core.package_identification:_identify(thirdparty/navigation2/nav2_dwb_controller/dwb_core) by extension 'ros'
[0.402s] DEBUG:colcon.colcon_core.package_identification:Package 'thirdparty/navigation2/nav2_dwb_controller/dwb_core' with type 'ros.ament_cmake' and name 'dwb_core'
[0.402s] Level 1:colcon.colcon_core.package_identification:_identify(thirdparty/navigation2/nav2_dwb_controller/dwb_critics) by extensions ['ignore', 'ignore_ament_install']
[0.402s] Level 1:colcon.colcon_core.package_identification:_identify(thirdparty/navigation2/nav2_dwb_controller/dwb_critics) by extension 'ignore'
[0.402s] Level 1:colcon.colcon_core.package_identification:_identify(thirdparty/navigation2/nav2_dwb_controller/dwb_critics) by extension 'ignore_ament_install'
[0.403s] Level 1:colcon.colcon_core.package_identification:_identify(thirdparty/navigation2/nav2_dwb_controller/dwb_critics) by extensions ['colcon_pkg']
[0.403s] Level 1:colcon.colcon_core.package_identification:_identify(thirdparty/navigation2/nav2_dwb_controller/dwb_critics) by extension 'colcon_pkg'
[0.403s] Level 1:colcon.colcon_core.package_identification:_identify(thirdparty/navigation2/nav2_dwb_controller/dwb_critics) by extensions ['colcon_meta']
[0.403s] Level 1:colcon.colcon_core.package_identification:_identify(thirdparty/navigation2/nav2_dwb_controller/dwb_critics) by extension 'colcon_meta'
[0.403s] Level 1:colcon.colcon_core.package_identification:_identify(thirdparty/navigation2/nav2_dwb_controller/dwb_critics) by extensions ['ros']
[0.403s] Level 1:colcon.colcon_core.package_identification:_identify(thirdparty/navigation2/nav2_dwb_controller/dwb_critics) by extension 'ros'
[0.404s] DEBUG:colcon.colcon_core.package_identification:Package 'thirdparty/navigation2/nav2_dwb_controller/dwb_critics' with type 'ros.ament_cmake' and name 'dwb_critics'
[0.404s] Level 1:colcon.colcon_core.package_identification:_identify(thirdparty/navigation2/nav2_dwb_controller/dwb_msgs) by extensions ['ignore', 'ignore_ament_install']
[0.404s] Level 1:colcon.colcon_core.package_identification:_identify(thirdparty/navigation2/nav2_dwb_controller/dwb_msgs) by extension 'ignore'
[0.404s] Level 1:colcon.colcon_core.package_identification:_identify(thirdparty/navigation2/nav2_dwb_controller/dwb_msgs) by extension 'ignore_ament_install'
[0.404s] Level 1:colcon.colcon_core.package_identification:_identify(thirdparty/navigation2/nav2_dwb_controller/dwb_msgs) by extensions ['colcon_pkg']
[0.404s] Level 1:colcon.colcon_core.package_identification:_identify(thirdparty/navigation2/nav2_dwb_controller/dwb_msgs) by extension 'colcon_pkg'
[0.405s] Level 1:colcon.colcon_core.package_identification:_identify(thirdparty/navigation2/nav2_dwb_controller/dwb_msgs) by extensions ['colcon_meta']
[0.405s] Level 1:colcon.colcon_core.package_identification:_identify(thirdparty/navigation2/nav2_dwb_controller/dwb_msgs) by extension 'colcon_meta'
[0.405s] Level 1:colcon.colcon_core.package_identification:_identify(thirdparty/navigation2/nav2_dwb_controller/dwb_msgs) by extensions ['ros']
[0.405s] Level 1:colcon.colcon_core.package_identification:_identify(thirdparty/navigation2/nav2_dwb_controller/dwb_msgs) by extension 'ros'
[0.405s] DEBUG:colcon.colcon_core.package_identification:Package 'thirdparty/navigation2/nav2_dwb_controller/dwb_msgs' with type 'ros.ament_cmake' and name 'dwb_msgs'
[0.406s] Level 1:colcon.colcon_core.package_identification:_identify(thirdparty/navigation2/nav2_dwb_controller/dwb_plugins) by extensions ['ignore', 'ignore_ament_install']
[0.406s] Level 1:colcon.colcon_core.package_identification:_identify(thirdparty/navigation2/nav2_dwb_controller/dwb_plugins) by extension 'ignore'
[0.406s] Level 1:colcon.colcon_core.package_identification:_identify(thirdparty/navigation2/nav2_dwb_controller/dwb_plugins) by extension 'ignore_ament_install'
[0.406s] Level 1:colcon.colcon_core.package_identification:_identify(thirdparty/navigation2/nav2_dwb_controller/dwb_plugins) by extensions ['colcon_pkg']
[0.406s] Level 1:colcon.colcon_core.package_identification:_identify(thirdparty/navigation2/nav2_dwb_controller/dwb_plugins) by extension 'colcon_pkg'
[0.406s] Level 1:colcon.colcon_core.package_identification:_identify(thirdparty/navigation2/nav2_dwb_controller/dwb_plugins) by extensions ['colcon_meta']
[0.406s] Level 1:colcon.colcon_core.package_identification:_identify(thirdparty/navigation2/nav2_dwb_controller/dwb_plugins) by extension 'colcon_meta'
[0.406s] Level 1:colcon.colcon_core.package_identification:_identify(thirdparty/navigation2/nav2_dwb_controller/dwb_plugins) by extensions ['ros']
[0.406s] Level 1:colcon.colcon_core.package_identification:_identify(thirdparty/navigation2/nav2_dwb_controller/dwb_plugins) by extension 'ros'
[0.407s] DEBUG:colcon.colcon_core.package_identification:Package 'thirdparty/navigation2/nav2_dwb_controller/dwb_plugins' with type 'ros.ament_cmake' and name 'dwb_plugins'
[0.407s] Level 1:colcon.colcon_core.package_identification:_identify(thirdparty/navigation2/nav2_dwb_controller/images) by extensions ['ignore', 'ignore_ament_install']
[0.407s] Level 1:colcon.colcon_core.package_identification:_identify(thirdparty/navigation2/nav2_dwb_controller/images) by extension 'ignore'
[0.407s] Level 1:colcon.colcon_core.package_identification:_identify(thirdparty/navigation2/nav2_dwb_controller/images) by extension 'ignore_ament_install'
[0.407s] Level 1:colcon.colcon_core.package_identification:_identify(thirdparty/navigation2/nav2_dwb_controller/images) by extensions ['colcon_pkg']
[0.407s] Level 1:colcon.colcon_core.package_identification:_identify(thirdparty/navigation2/nav2_dwb_controller/images) by extension 'colcon_pkg'
[0.407s] Level 1:colcon.colcon_core.package_identification:_identify(thirdparty/navigation2/nav2_dwb_controller/images) by extensions ['colcon_meta']
[0.407s] Level 1:colcon.colcon_core.package_identification:_identify(thirdparty/navigation2/nav2_dwb_controller/images) by extension 'colcon_meta'
[0.407s] Level 1:colcon.colcon_core.package_identification:_identify(thirdparty/navigation2/nav2_dwb_controller/images) by extensions ['ros']
[0.407s] Level 1:colcon.colcon_core.package_identification:_identify(thirdparty/navigation2/nav2_dwb_controller/images) by extension 'ros'
[0.408s] Level 1:colcon.colcon_core.package_identification:_identify(thirdparty/navigation2/nav2_dwb_controller/images) by extensions ['cmake', 'python']
[0.408s] Level 1:colcon.colcon_core.package_identification:_identify(thirdparty/navigation2/nav2_dwb_controller/images) by extension 'cmake'
[0.408s] Level 1:colcon.colcon_core.package_identification:_identify(thirdparty/navigation2/nav2_dwb_controller/images) by extension 'python'
[0.408s] Level 1:colcon.colcon_core.package_identification:_identify(thirdparty/navigation2/nav2_dwb_controller/images) by extensions ['python_setup_py']
[0.408s] Level 1:colcon.colcon_core.package_identification:_identify(thirdparty/navigation2/nav2_dwb_controller/images) by extension 'python_setup_py'
[0.408s] Level 1:colcon.colcon_core.package_identification:_identify(thirdparty/navigation2/nav2_dwb_controller/nav2_dwb_controller) by extensions ['ignore', 'ignore_ament_install']
[0.408s] Level 1:colcon.colcon_core.package_identification:_identify(thirdparty/navigation2/nav2_dwb_controller/nav2_dwb_controller) by extension 'ignore'
[0.408s] Level 1:colcon.colcon_core.package_identification:_identify(thirdparty/navigation2/nav2_dwb_controller/nav2_dwb_controller) by extension 'ignore_ament_install'
[0.408s] Level 1:colcon.colcon_core.package_identification:_identify(thirdparty/navigation2/nav2_dwb_controller/nav2_dwb_controller) by extensions ['colcon_pkg']
[0.408s] Level 1:colcon.colcon_core.package_identification:_identify(thirdparty/navigation2/nav2_dwb_controller/nav2_dwb_controller) by extension 'colcon_pkg'
[0.408s] Level 1:colcon.colcon_core.package_identification:_identify(thirdparty/navigation2/nav2_dwb_controller/nav2_dwb_controller) by extensions ['colcon_meta']
[0.408s] Level 1:colcon.colcon_core.package_identification:_identify(thirdparty/navigation2/nav2_dwb_controller/nav2_dwb_controller) by extension 'colcon_meta'
[0.408s] Level 1:colcon.colcon_core.package_identification:_identify(thirdparty/navigation2/nav2_dwb_controller/nav2_dwb_controller) by extensions ['ros']
[0.408s] Level 1:colcon.colcon_core.package_identification:_identify(thirdparty/navigation2/nav2_dwb_controller/nav2_dwb_controller) by extension 'ros'
[0.409s] DEBUG:colcon.colcon_core.package_identification:Package 'thirdparty/navigation2/nav2_dwb_controller/nav2_dwb_controller' with type 'ros.ament_cmake' and name 'nav2_dwb_controller'
[0.409s] Level 1:colcon.colcon_core.package_identification:_identify(thirdparty/navigation2/nav2_dwb_controller/nav_2d_msgs) by extensions ['ignore', 'ignore_ament_install']
[0.409s] Level 1:colcon.colcon_core.package_identification:_identify(thirdparty/navigation2/nav2_dwb_controller/nav_2d_msgs) by extension 'ignore'
[0.409s] Level 1:colcon.colcon_core.package_identification:_identify(thirdparty/navigation2/nav2_dwb_controller/nav_2d_msgs) by extension 'ignore_ament_install'
[0.409s] Level 1:colcon.colcon_core.package_identification:_identify(thirdparty/navigation2/nav2_dwb_controller/nav_2d_msgs) by extensions ['colcon_pkg']
[0.409s] Level 1:colcon.colcon_core.package_identification:_identify(thirdparty/navigation2/nav2_dwb_controller/nav_2d_msgs) by extension 'colcon_pkg'
[0.409s] Level 1:colcon.colcon_core.package_identification:_identify(thirdparty/navigation2/nav2_dwb_controller/nav_2d_msgs) by extensions ['colcon_meta']
[0.410s] Level 1:colcon.colcon_core.package_identification:_identify(thirdparty/navigation2/nav2_dwb_controller/nav_2d_msgs) by extension 'colcon_meta'
[0.410s] Level 1:colcon.colcon_core.package_identification:_identify(thirdparty/navigation2/nav2_dwb_controller/nav_2d_msgs) by extensions ['ros']
[0.410s] Level 1:colcon.colcon_core.package_identification:_identify(thirdparty/navigation2/nav2_dwb_controller/nav_2d_msgs) by extension 'ros'
[0.410s] DEBUG:colcon.colcon_core.package_identification:Package 'thirdparty/navigation2/nav2_dwb_controller/nav_2d_msgs' with type 'ros.ament_cmake' and name 'nav_2d_msgs'
[0.410s] Level 1:colcon.colcon_core.package_identification:_identify(thirdparty/navigation2/nav2_dwb_controller/nav_2d_utils) by extensions ['ignore', 'ignore_ament_install']
[0.410s] Level 1:colcon.colcon_core.package_identification:_identify(thirdparty/navigation2/nav2_dwb_controller/nav_2d_utils) by extension 'ignore'
[0.411s] Level 1:colcon.colcon_core.package_identification:_identify(thirdparty/navigation2/nav2_dwb_controller/nav_2d_utils) by extension 'ignore_ament_install'
[0.411s] Level 1:colcon.colcon_core.package_identification:_identify(thirdparty/navigation2/nav2_dwb_controller/nav_2d_utils) by extensions ['colcon_pkg']
[0.411s] Level 1:colcon.colcon_core.package_identification:_identify(thirdparty/navigation2/nav2_dwb_controller/nav_2d_utils) by extension 'colcon_pkg'
[0.411s] Level 1:colcon.colcon_core.package_identification:_identify(thirdparty/navigation2/nav2_dwb_controller/nav_2d_utils) by extensions ['colcon_meta']
[0.411s] Level 1:colcon.colcon_core.package_identification:_identify(thirdparty/navigation2/nav2_dwb_controller/nav_2d_utils) by extension 'colcon_meta'
[0.411s] Level 1:colcon.colcon_core.package_identification:_identify(thirdparty/navigation2/nav2_dwb_controller/nav_2d_utils) by extensions ['ros']
[0.411s] Level 1:colcon.colcon_core.package_identification:_identify(thirdparty/navigation2/nav2_dwb_controller/nav_2d_utils) by extension 'ros'
[0.412s] DEBUG:colcon.colcon_core.package_identification:Package 'thirdparty/navigation2/nav2_dwb_controller/nav_2d_utils' with type 'ros.ament_cmake' and name 'nav_2d_utils'
[0.412s] Level 1:colcon.colcon_core.package_identification:_identify(thirdparty/navigation2/nav2_graceful_controller) by extensions ['ignore', 'ignore_ament_install']
[0.412s] Level 1:colcon.colcon_core.package_identification:_identify(thirdparty/navigation2/nav2_graceful_controller) by extension 'ignore'
[0.412s] Level 1:colcon.colcon_core.package_identification:_identify(thirdparty/navigation2/nav2_graceful_controller) by extension 'ignore_ament_install'
[0.412s] Level 1:colcon.colcon_core.package_identification:_identify(thirdparty/navigation2/nav2_graceful_controller) by extensions ['colcon_pkg']
[0.412s] Level 1:colcon.colcon_core.package_identification:_identify(thirdparty/navigation2/nav2_graceful_controller) by extension 'colcon_pkg'
[0.412s] Level 1:colcon.colcon_core.package_identification:_identify(thirdparty/navigation2/nav2_graceful_controller) by extensions ['colcon_meta']
[0.412s] Level 1:colcon.colcon_core.package_identification:_identify(thirdparty/navigation2/nav2_graceful_controller) by extension 'colcon_meta'
[0.412s] Level 1:colcon.colcon_core.package_identification:_identify(thirdparty/navigation2/nav2_graceful_controller) by extensions ['ros']
[0.412s] Level 1:colcon.colcon_core.package_identification:_identify(thirdparty/navigation2/nav2_graceful_controller) by extension 'ros'
[0.414s] DEBUG:colcon.colcon_core.package_identification:Package 'thirdparty/navigation2/nav2_graceful_controller' with type 'ros.ament_cmake' and name 'nav2_graceful_controller'
[0.414s] Level 1:colcon.colcon_core.package_identification:_identify(thirdparty/navigation2/nav2_lifecycle_manager) by extensions ['ignore', 'ignore_ament_install']
[0.414s] Level 1:colcon.colcon_core.package_identification:_identify(thirdparty/navigation2/nav2_lifecycle_manager) by extension 'ignore'
[0.414s] Level 1:colcon.colcon_core.package_identification:_identify(thirdparty/navigation2/nav2_lifecycle_manager) by extension 'ignore_ament_install'
[0.414s] Level 1:colcon.colcon_core.package_identification:_identify(thirdparty/navigation2/nav2_lifecycle_manager) by extensions ['colcon_pkg']
[0.414s] Level 1:colcon.colcon_core.package_identification:_identify(thirdparty/navigation2/nav2_lifecycle_manager) by extension 'colcon_pkg'
[0.414s] Level 1:colcon.colcon_core.package_identification:_identify(thirdparty/navigation2/nav2_lifecycle_manager) by extensions ['colcon_meta']
[0.414s] Level 1:colcon.colcon_core.package_identification:_identify(thirdparty/navigation2/nav2_lifecycle_manager) by extension 'colcon_meta'
[0.414s] Level 1:colcon.colcon_core.package_identification:_identify(thirdparty/navigation2/nav2_lifecycle_manager) by extensions ['ros']
[0.414s] Level 1:colcon.colcon_core.package_identification:_identify(thirdparty/navigation2/nav2_lifecycle_manager) by extension 'ros'
[0.415s] DEBUG:colcon.colcon_core.package_identification:Package 'thirdparty/navigation2/nav2_lifecycle_manager' with type 'ros.ament_cmake' and name 'nav2_lifecycle_manager'
[0.415s] Level 1:colcon.colcon_core.package_identification:_identify(thirdparty/navigation2/nav2_loopback_sim) by extensions ['ignore', 'ignore_ament_install']
[0.415s] Level 1:colcon.colcon_core.package_identification:_identify(thirdparty/navigation2/nav2_loopback_sim) by extension 'ignore'
[0.415s] Level 1:colcon.colcon_core.package_identification:_identify(thirdparty/navigation2/nav2_loopback_sim) by extension 'ignore_ament_install'
[0.415s] Level 1:colcon.colcon_core.package_identification:_identify(thirdparty/navigation2/nav2_loopback_sim) by extensions ['colcon_pkg']
[0.415s] Level 1:colcon.colcon_core.package_identification:_identify(thirdparty/navigation2/nav2_loopback_sim) by extension 'colcon_pkg'
[0.415s] Level 1:colcon.colcon_core.package_identification:_identify(thirdparty/navigation2/nav2_loopback_sim) by extensions ['colcon_meta']
[0.415s] Level 1:colcon.colcon_core.package_identification:_identify(thirdparty/navigation2/nav2_loopback_sim) by extension 'colcon_meta'
[0.416s] Level 1:colcon.colcon_core.package_identification:_identify(thirdparty/navigation2/nav2_loopback_sim) by extensions ['ros']
[0.416s] Level 1:colcon.colcon_core.package_identification:_identify(thirdparty/navigation2/nav2_loopback_sim) by extension 'ros'
[0.416s] DEBUG:colcon.colcon_core.package_identification:Package 'thirdparty/navigation2/nav2_loopback_sim' with type 'ros.ament_python' and name 'nav2_loopback_sim'
[0.416s] Level 1:colcon.colcon_core.package_identification:_identify(thirdparty/navigation2/nav2_map_server) by extensions ['ignore', 'ignore_ament_install']
[0.416s] Level 1:colcon.colcon_core.package_identification:_identify(thirdparty/navigation2/nav2_map_server) by extension 'ignore'
[0.416s] Level 1:colcon.colcon_core.package_identification:_identify(thirdparty/navigation2/nav2_map_server) by extension 'ignore_ament_install'
[0.416s] Level 1:colcon.colcon_core.package_identification:_identify(thirdparty/navigation2/nav2_map_server) by extensions ['colcon_pkg']
[0.416s] Level 1:colcon.colcon_core.package_identification:_identify(thirdparty/navigation2/nav2_map_server) by extension 'colcon_pkg'
[0.417s] Level 1:colcon.colcon_core.package_identification:_identify(thirdparty/navigation2/nav2_map_server) by extensions ['colcon_meta']
[0.417s] Level 1:colcon.colcon_core.package_identification:_identify(thirdparty/navigation2/nav2_map_server) by extension 'colcon_meta'
[0.417s] Level 1:colcon.colcon_core.package_identification:_identify(thirdparty/navigation2/nav2_map_server) by extensions ['ros']
[0.417s] Level 1:colcon.colcon_core.package_identification:_identify(thirdparty/navigation2/nav2_map_server) by extension 'ros'
[0.419s] DEBUG:colcon.colcon_core.package_identification:Package 'thirdparty/navigation2/nav2_map_server' with type 'ros.ament_cmake' and name 'nav2_map_server'
[0.419s] Level 1:colcon.colcon_core.package_identification:_identify(thirdparty/navigation2/nav2_mppi_controller) by extensions ['ignore', 'ignore_ament_install']
[0.419s] Level 1:colcon.colcon_core.package_identification:_identify(thirdparty/navigation2/nav2_mppi_controller) by extension 'ignore'
[0.419s] Level 1:colcon.colcon_core.package_identification:_identify(thirdparty/navigation2/nav2_mppi_controller) by extension 'ignore_ament_install'
[0.419s] Level 1:colcon.colcon_core.package_identification:_identify(thirdparty/navigation2/nav2_mppi_controller) by extensions ['colcon_pkg']
[0.420s] Level 1:colcon.colcon_core.package_identification:_identify(thirdparty/navigation2/nav2_mppi_controller) by extension 'colcon_pkg'
[0.420s] Level 1:colcon.colcon_core.package_identification:_identify(thirdparty/navigation2/nav2_mppi_controller) by extensions ['colcon_meta']
[0.420s] Level 1:colcon.colcon_core.package_identification:_identify(thirdparty/navigation2/nav2_mppi_controller) by extension 'colcon_meta'
[0.420s] Level 1:colcon.colcon_core.package_identification:_identify(thirdparty/navigation2/nav2_mppi_controller) by extensions ['ros']
[0.420s] Level 1:colcon.colcon_core.package_identification:_identify(thirdparty/navigation2/nav2_mppi_controller) by extension 'ros'
[0.422s] DEBUG:colcon.colcon_core.package_identification:Package 'thirdparty/navigation2/nav2_mppi_controller' with type 'ros.ament_cmake' and name 'nav2_mppi_controller'
[0.422s] Level 1:colcon.colcon_core.package_identification:_identify(thirdparty/navigation2/nav2_msgs) by extensions ['ignore', 'ignore_ament_install']
[0.422s] Level 1:colcon.colcon_core.package_identification:_identify(thirdparty/navigation2/nav2_msgs) by extension 'ignore'
[0.422s] Level 1:colcon.colcon_core.package_identification:_identify(thirdparty/navigation2/nav2_msgs) by extension 'ignore_ament_install'
[0.422s] Level 1:colcon.colcon_core.package_identification:_identify(thirdparty/navigation2/nav2_msgs) by extensions ['colcon_pkg']
[0.422s] Level 1:colcon.colcon_core.package_identification:_identify(thirdparty/navigation2/nav2_msgs) by extension 'colcon_pkg'
[0.422s] Level 1:colcon.colcon_core.package_identification:_identify(thirdparty/navigation2/nav2_msgs) by extensions ['colcon_meta']
[0.422s] Level 1:colcon.colcon_core.package_identification:_identify(thirdparty/navigation2/nav2_msgs) by extension 'colcon_meta'
[0.422s] Level 1:colcon.colcon_core.package_identification:_identify(thirdparty/navigation2/nav2_msgs) by extensions ['ros']
[0.422s] Level 1:colcon.colcon_core.package_identification:_identify(thirdparty/navigation2/nav2_msgs) by extension 'ros'
[0.423s] DEBUG:colcon.colcon_core.package_identification:Package 'thirdparty/navigation2/nav2_msgs' with type 'ros.ament_cmake' and name 'nav2_msgs'
[0.423s] Level 1:colcon.colcon_core.package_identification:_identify(thirdparty/navigation2/nav2_navfn_planner) by extensions ['ignore', 'ignore_ament_install']
[0.423s] Level 1:colcon.colcon_core.package_identification:_identify(thirdparty/navigation2/nav2_navfn_planner) by extension 'ignore'
[0.423s] Level 1:colcon.colcon_core.package_identification:_identify(thirdparty/navigation2/nav2_navfn_planner) by extension 'ignore_ament_install'
[0.423s] Level 1:colcon.colcon_core.package_identification:_identify(thirdparty/navigation2/nav2_navfn_planner) by extensions ['colcon_pkg']
[0.424s] Level 1:colcon.colcon_core.package_identification:_identify(thirdparty/navigation2/nav2_navfn_planner) by extension 'colcon_pkg'
[0.424s] Level 1:colcon.colcon_core.package_identification:_identify(thirdparty/navigation2/nav2_navfn_planner) by extensions ['colcon_meta']
[0.424s] Level 1:colcon.colcon_core.package_identification:_identify(thirdparty/navigation2/nav2_navfn_planner) by extension 'colcon_meta'
[0.424s] Level 1:colcon.colcon_core.package_identification:_identify(thirdparty/navigation2/nav2_navfn_planner) by extensions ['ros']
[0.424s] Level 1:colcon.colcon_core.package_identification:_identify(thirdparty/navigation2/nav2_navfn_planner) by extension 'ros'
[0.425s] DEBUG:colcon.colcon_core.package_identification:Package 'thirdparty/navigation2/nav2_navfn_planner' with type 'ros.ament_cmake' and name 'nav2_navfn_planner'
[0.425s] Level 1:colcon.colcon_core.package_identification:_identify(thirdparty/navigation2/nav2_planner) by extensions ['ignore', 'ignore_ament_install']
[0.426s] Level 1:colcon.colcon_core.package_identification:_identify(thirdparty/navigation2/nav2_planner) by extension 'ignore'
[0.426s] Level 1:colcon.colcon_core.package_identification:_identify(thirdparty/navigation2/nav2_planner) by extension 'ignore_ament_install'
[0.426s] Level 1:colcon.colcon_core.package_identification:_identify(thirdparty/navigation2/nav2_planner) by extensions ['colcon_pkg']
[0.426s] Level 1:colcon.colcon_core.package_identification:_identify(thirdparty/navigation2/nav2_planner) by extension 'colcon_pkg'
[0.426s] Level 1:colcon.colcon_core.package_identification:_identify(thirdparty/navigation2/nav2_planner) by extensions ['colcon_meta']
[0.426s] Level 1:colcon.colcon_core.package_identification:_identify(thirdparty/navigation2/nav2_planner) by extension 'colcon_meta'
[0.426s] Level 1:colcon.colcon_core.package_identification:_identify(thirdparty/navigation2/nav2_planner) by extensions ['ros']
[0.426s] Level 1:colcon.colcon_core.package_identification:_identify(thirdparty/navigation2/nav2_planner) by extension 'ros'
[0.427s] DEBUG:colcon.colcon_core.package_identification:Package 'thirdparty/navigation2/nav2_planner' with type 'ros.ament_cmake' and name 'nav2_planner'
[0.427s] Level 1:colcon.colcon_core.package_identification:_identify(thirdparty/navigation2/nav2_regulated_pure_pursuit_controller) by extensions ['ignore', 'ignore_ament_install']
[0.428s] Level 1:colcon.colcon_core.package_identification:_identify(thirdparty/navigation2/nav2_regulated_pure_pursuit_controller) by extension 'ignore'
[0.428s] Level 1:colcon.colcon_core.package_identification:_identify(thirdparty/navigation2/nav2_regulated_pure_pursuit_controller) by extension 'ignore_ament_install'
[0.428s] Level 1:colcon.colcon_core.package_identification:_identify(thirdparty/navigation2/nav2_regulated_pure_pursuit_controller) by extensions ['colcon_pkg']
[0.428s] Level 1:colcon.colcon_core.package_identification:_identify(thirdparty/navigation2/nav2_regulated_pure_pursuit_controller) by extension 'colcon_pkg'
[0.428s] Level 1:colcon.colcon_core.package_identification:_identify(thirdparty/navigation2/nav2_regulated_pure_pursuit_controller) by extensions ['colcon_meta']
[0.428s] Level 1:colcon.colcon_core.package_identification:_identify(thirdparty/navigation2/nav2_regulated_pure_pursuit_controller) by extension 'colcon_meta'
[0.428s] Level 1:colcon.colcon_core.package_identification:_identify(thirdparty/navigation2/nav2_regulated_pure_pursuit_controller) by extensions ['ros']
[0.428s] Level 1:colcon.colcon_core.package_identification:_identify(thirdparty/navigation2/nav2_regulated_pure_pursuit_controller) by extension 'ros'
[0.429s] DEBUG:colcon.colcon_core.package_identification:Package 'thirdparty/navigation2/nav2_regulated_pure_pursuit_controller' with type 'ros.ament_cmake' and name 'nav2_regulated_pure_pursuit_controller'
[0.429s] Level 1:colcon.colcon_core.package_identification:_identify(thirdparty/navigation2/nav2_rotation_shim_controller) by extensions ['ignore', 'ignore_ament_install']
[0.429s] Level 1:colcon.colcon_core.package_identification:_identify(thirdparty/navigation2/nav2_rotation_shim_controller) by extension 'ignore'
[0.429s] Level 1:colcon.colcon_core.package_identification:_identify(thirdparty/navigation2/nav2_rotation_shim_controller) by extension 'ignore_ament_install'
[0.429s] Level 1:colcon.colcon_core.package_identification:_identify(thirdparty/navigation2/nav2_rotation_shim_controller) by extensions ['colcon_pkg']
[0.429s] Level 1:colcon.colcon_core.package_identification:_identify(thirdparty/navigation2/nav2_rotation_shim_controller) by extension 'colcon_pkg'
[0.430s] Level 1:colcon.colcon_core.package_identification:_identify(thirdparty/navigation2/nav2_rotation_shim_controller) by extensions ['colcon_meta']
[0.430s] Level 1:colcon.colcon_core.package_identification:_identify(thirdparty/navigation2/nav2_rotation_shim_controller) by extension 'colcon_meta'
[0.430s] Level 1:colcon.colcon_core.package_identification:_identify(thirdparty/navigation2/nav2_rotation_shim_controller) by extensions ['ros']
[0.430s] Level 1:colcon.colcon_core.package_identification:_identify(thirdparty/navigation2/nav2_rotation_shim_controller) by extension 'ros'
[0.431s] DEBUG:colcon.colcon_core.package_identification:Package 'thirdparty/navigation2/nav2_rotation_shim_controller' with type 'ros.ament_cmake' and name 'nav2_rotation_shim_controller'
[0.431s] Level 1:colcon.colcon_core.package_identification:_identify(thirdparty/navigation2/nav2_route) by extensions ['ignore', 'ignore_ament_install']
[0.431s] Level 1:colcon.colcon_core.package_identification:_identify(thirdparty/navigation2/nav2_route) by extension 'ignore'
[0.431s] Level 1:colcon.colcon_core.package_identification:_identify(thirdparty/navigation2/nav2_route) by extension 'ignore_ament_install'
[0.431s] Level 1:colcon.colcon_core.package_identification:_identify(thirdparty/navigation2/nav2_route) by extensions ['colcon_pkg']
[0.431s] Level 1:colcon.colcon_core.package_identification:_identify(thirdparty/navigation2/nav2_route) by extension 'colcon_pkg'
[0.431s] Level 1:colcon.colcon_core.package_identification:_identify(thirdparty/navigation2/nav2_route) by extensions ['colcon_meta']
[0.431s] Level 1:colcon.colcon_core.package_identification:_identify(thirdparty/navigation2/nav2_route) by extension 'colcon_meta'
[0.432s] Level 1:colcon.colcon_core.package_identification:_identify(thirdparty/navigation2/nav2_route) by extensions ['ros']
[0.432s] Level 1:colcon.colcon_core.package_identification:_identify(thirdparty/navigation2/nav2_route) by extension 'ros'
[0.433s] DEBUG:colcon.colcon_core.package_identification:Package 'thirdparty/navigation2/nav2_route' with type 'ros.ament_cmake' and name 'nav2_route'
[0.434s] Level 1:colcon.colcon_core.package_identification:_identify(thirdparty/navigation2/nav2_rviz_plugins) by extensions ['ignore', 'ignore_ament_install']
[0.434s] Level 1:colcon.colcon_core.package_identification:_identify(thirdparty/navigation2/nav2_rviz_plugins) by extension 'ignore'
[0.434s] Level 1:colcon.colcon_core.package_identification:_identify(thirdparty/navigation2/nav2_rviz_plugins) by extension 'ignore_ament_install'
[0.434s] Level 1:colcon.colcon_core.package_identification:_identify(thirdparty/navigation2/nav2_rviz_plugins) by extensions ['colcon_pkg']
[0.434s] Level 1:colcon.colcon_core.package_identification:_identify(thirdparty/navigation2/nav2_rviz_plugins) by extension 'colcon_pkg'
[0.434s] Level 1:colcon.colcon_core.package_identification:_identify(thirdparty/navigation2/nav2_rviz_plugins) by extensions ['colcon_meta']
[0.434s] Level 1:colcon.colcon_core.package_identification:_identify(thirdparty/navigation2/nav2_rviz_plugins) by extension 'colcon_meta'
[0.434s] Level 1:colcon.colcon_core.package_identification:_identify(thirdparty/navigation2/nav2_rviz_plugins) by extensions ['ros']
[0.434s] Level 1:colcon.colcon_core.package_identification:_identify(thirdparty/navigation2/nav2_rviz_plugins) by extension 'ros'
[0.436s] DEBUG:colcon.colcon_core.package_identification:Package 'thirdparty/navigation2/nav2_rviz_plugins' with type 'ros.ament_cmake' and name 'nav2_rviz_plugins'
[0.436s] Level 1:colcon.colcon_core.package_identification:_identify(thirdparty/navigation2/nav2_simple_commander) by extensions ['ignore', 'ignore_ament_install']
[0.436s] Level 1:colcon.colcon_core.package_identification:_identify(thirdparty/navigation2/nav2_simple_commander) by extension 'ignore'
[0.436s] Level 1:colcon.colcon_core.package_identification:_identify(thirdparty/navigation2/nav2_simple_commander) by extension 'ignore_ament_install'
[0.436s] Level 1:colcon.colcon_core.package_identification:_identify(thirdparty/navigation2/nav2_simple_commander) by extensions ['colcon_pkg']
[0.436s] Level 1:colcon.colcon_core.package_identification:_identify(thirdparty/navigation2/nav2_simple_commander) by extension 'colcon_pkg'
[0.436s] Level 1:colcon.colcon_core.package_identification:_identify(thirdparty/navigation2/nav2_simple_commander) by extensions ['colcon_meta']
[0.436s] Level 1:colcon.colcon_core.package_identification:_identify(thirdparty/navigation2/nav2_simple_commander) by extension 'colcon_meta'
[0.436s] Level 1:colcon.colcon_core.package_identification:_identify(thirdparty/navigation2/nav2_simple_commander) by extensions ['ros']
[0.437s] Level 1:colcon.colcon_core.package_identification:_identify(thirdparty/navigation2/nav2_simple_commander) by extension 'ros'
[0.437s] DEBUG:colcon.colcon_core.package_identification:Package 'thirdparty/navigation2/nav2_simple_commander' with type 'ros.ament_python' and name 'nav2_simple_commander'
[0.437s] Level 1:colcon.colcon_core.package_identification:_identify(thirdparty/navigation2/nav2_smac_planner) by extensions ['ignore', 'ignore_ament_install']
[0.437s] Level 1:colcon.colcon_core.package_identification:_identify(thirdparty/navigation2/nav2_smac_planner) by extension 'ignore'
[0.437s] Level 1:colcon.colcon_core.package_identification:_identify(thirdparty/navigation2/nav2_smac_planner) by extension 'ignore_ament_install'
[0.438s] Level 1:colcon.colcon_core.package_identification:_identify(thirdparty/navigation2/nav2_smac_planner) by extensions ['colcon_pkg']
[0.438s] Level 1:colcon.colcon_core.package_identification:_identify(thirdparty/navigation2/nav2_smac_planner) by extension 'colcon_pkg'
[0.438s] Level 1:colcon.colcon_core.package_identification:_identify(thirdparty/navigation2/nav2_smac_planner) by extensions ['colcon_meta']
[0.438s] Level 1:colcon.colcon_core.package_identification:_identify(thirdparty/navigation2/nav2_smac_planner) by extension 'colcon_meta'
[0.438s] Level 1:colcon.colcon_core.package_identification:_identify(thirdparty/navigation2/nav2_smac_planner) by extensions ['ros']
[0.438s] Level 1:colcon.colcon_core.package_identification:_identify(thirdparty/navigation2/nav2_smac_planner) by extension 'ros'
[0.440s] DEBUG:colcon.colcon_core.package_identification:Package 'thirdparty/navigation2/nav2_smac_planner' with type 'ros.ament_cmake' and name 'nav2_smac_planner'
[0.440s] Level 1:colcon.colcon_core.package_identification:_identify(thirdparty/navigation2/nav2_smoother) by extensions ['ignore', 'ignore_ament_install']
[0.440s] Level 1:colcon.colcon_core.package_identification:_identify(thirdparty/navigation2/nav2_smoother) by extension 'ignore'
[0.440s] Level 1:colcon.colcon_core.package_identification:_identify(thirdparty/navigation2/nav2_smoother) by extension 'ignore_ament_install'
[0.440s] Level 1:colcon.colcon_core.package_identification:_identify(thirdparty/navigation2/nav2_smoother) by extensions ['colcon_pkg']
[0.440s] Level 1:colcon.colcon_core.package_identification:_identify(thirdparty/navigation2/nav2_smoother) by extension 'colcon_pkg'
[0.440s] Level 1:colcon.colcon_core.package_identification:_identify(thirdparty/navigation2/nav2_smoother) by extensions ['colcon_meta']
[0.440s] Level 1:colcon.colcon_core.package_identification:_identify(thirdparty/navigation2/nav2_smoother) by extension 'colcon_meta'
[0.440s] Level 1:colcon.colcon_core.package_identification:_identify(thirdparty/navigation2/nav2_smoother) by extensions ['ros']
[0.440s] Level 1:colcon.colcon_core.package_identification:_identify(thirdparty/navigation2/nav2_smoother) by extension 'ros'
[0.441s] DEBUG:colcon.colcon_core.package_identification:Package 'thirdparty/navigation2/nav2_smoother' with type 'ros.ament_cmake' and name 'nav2_smoother'
[0.442s] Level 1:colcon.colcon_core.package_identification:_identify(thirdparty/navigation2/nav2_system_tests) by extensions ['ignore', 'ignore_ament_install']
[0.442s] Level 1:colcon.colcon_core.package_identification:_identify(thirdparty/navigation2/nav2_system_tests) by extension 'ignore'
[0.442s] Level 1:colcon.colcon_core.package_identification:_identify(thirdparty/navigation2/nav2_system_tests) by extension 'ignore_ament_install'
[0.442s] Level 1:colcon.colcon_core.package_identification:_identify(thirdparty/navigation2/nav2_system_tests) by extensions ['colcon_pkg']
[0.442s] Level 1:colcon.colcon_core.package_identification:_identify(thirdparty/navigation2/nav2_system_tests) by extension 'colcon_pkg'
[0.442s] Level 1:colcon.colcon_core.package_identification:_identify(thirdparty/navigation2/nav2_system_tests) by extensions ['colcon_meta']
[0.442s] Level 1:colcon.colcon_core.package_identification:_identify(thirdparty/navigation2/nav2_system_tests) by extension 'colcon_meta'
[0.442s] Level 1:colcon.colcon_core.package_identification:_identify(thirdparty/navigation2/nav2_system_tests) by extensions ['ros']
[0.442s] Level 1:colcon.colcon_core.package_identification:_identify(thirdparty/navigation2/nav2_system_tests) by extension 'ros'
[0.443s] DEBUG:colcon.colcon_core.package_identification:Package 'thirdparty/navigation2/nav2_system_tests' with type 'ros.ament_cmake' and name 'nav2_system_tests'
[0.443s] Level 1:colcon.colcon_core.package_identification:_identify(thirdparty/navigation2/nav2_theta_star_planner) by extensions ['ignore', 'ignore_ament_install']
[0.443s] Level 1:colcon.colcon_core.package_identification:_identify(thirdparty/navigation2/nav2_theta_star_planner) by extension 'ignore'
[0.444s] Level 1:colcon.colcon_core.package_identification:_identify(thirdparty/navigation2/nav2_theta_star_planner) by extension 'ignore_ament_install'
[0.444s] Level 1:colcon.colcon_core.package_identification:_identify(thirdparty/navigation2/nav2_theta_star_planner) by extensions ['colcon_pkg']
[0.444s] Level 1:colcon.colcon_core.package_identification:_identify(thirdparty/navigation2/nav2_theta_star_planner) by extension 'colcon_pkg'
[0.444s] Level 1:colcon.colcon_core.package_identification:_identify(thirdparty/navigation2/nav2_theta_star_planner) by extensions ['colcon_meta']
[0.444s] Level 1:colcon.colcon_core.package_identification:_identify(thirdparty/navigation2/nav2_theta_star_planner) by extension 'colcon_meta'
[0.444s] Level 1:colcon.colcon_core.package_identification:_identify(thirdparty/navigation2/nav2_theta_star_planner) by extensions ['ros']
[0.444s] Level 1:colcon.colcon_core.package_identification:_identify(thirdparty/navigation2/nav2_theta_star_planner) by extension 'ros'
[0.445s] DEBUG:colcon.colcon_core.package_identification:Package 'thirdparty/navigation2/nav2_theta_star_planner' with type 'ros.ament_cmake' and name 'nav2_theta_star_planner'
[0.445s] Level 1:colcon.colcon_core.package_identification:_identify(thirdparty/navigation2/nav2_util) by extensions ['ignore', 'ignore_ament_install']
[0.445s] Level 1:colcon.colcon_core.package_identification:_identify(thirdparty/navigation2/nav2_util) by extension 'ignore'
[0.445s] Level 1:colcon.colcon_core.package_identification:_identify(thirdparty/navigation2/nav2_util) by extension 'ignore_ament_install'
[0.445s] Level 1:colcon.colcon_core.package_identification:_identify(thirdparty/navigation2/nav2_util) by extensions ['colcon_pkg']
[0.445s] Level 1:colcon.colcon_core.package_identification:_identify(thirdparty/navigation2/nav2_util) by extension 'colcon_pkg'
[0.445s] Level 1:colcon.colcon_core.package_identification:_identify(thirdparty/navigation2/nav2_util) by extensions ['colcon_meta']
[0.445s] Level 1:colcon.colcon_core.package_identification:_identify(thirdparty/navigation2/nav2_util) by extension 'colcon_meta'
[0.446s] Level 1:colcon.colcon_core.package_identification:_identify(thirdparty/navigation2/nav2_util) by extensions ['ros']
[0.446s] Level 1:colcon.colcon_core.package_identification:_identify(thirdparty/navigation2/nav2_util) by extension 'ros'
[0.447s] DEBUG:colcon.colcon_core.package_identification:Package 'thirdparty/navigation2/nav2_util' with type 'ros.ament_cmake' and name 'nav2_util'
[0.447s] Level 1:colcon.colcon_core.package_identification:_identify(thirdparty/navigation2/nav2_velocity_smoother) by extensions ['ignore', 'ignore_ament_install']
[0.448s] Level 1:colcon.colcon_core.package_identification:_identify(thirdparty/navigation2/nav2_velocity_smoother) by extension 'ignore'
[0.448s] Level 1:colcon.colcon_core.package_identification:_identify(thirdparty/navigation2/nav2_velocity_smoother) by extension 'ignore_ament_install'
[0.448s] Level 1:colcon.colcon_core.package_identification:_identify(thirdparty/navigation2/nav2_velocity_smoother) by extensions ['colcon_pkg']
[0.448s] Level 1:colcon.colcon_core.package_identification:_identify(thirdparty/navigation2/nav2_velocity_smoother) by extension 'colcon_pkg'
[0.448s] Level 1:colcon.colcon_core.package_identification:_identify(thirdparty/navigation2/nav2_velocity_smoother) by extensions ['colcon_meta']
[0.448s] Level 1:colcon.colcon_core.package_identification:_identify(thirdparty/navigation2/nav2_velocity_smoother) by extension 'colcon_meta'
[0.448s] Level 1:colcon.colcon_core.package_identification:_identify(thirdparty/navigation2/nav2_velocity_smoother) by extensions ['ros']
[0.448s] Level 1:colcon.colcon_core.package_identification:_identify(thirdparty/navigation2/nav2_velocity_smoother) by extension 'ros'
[0.449s] DEBUG:colcon.colcon_core.package_identification:Package 'thirdparty/navigation2/nav2_velocity_smoother' with type 'ros.ament_cmake' and name 'nav2_velocity_smoother'
[0.449s] Level 1:colcon.colcon_core.package_identification:_identify(thirdparty/navigation2/nav2_voxel_grid) by extensions ['ignore', 'ignore_ament_install']
[0.449s] Level 1:colcon.colcon_core.package_identification:_identify(thirdparty/navigation2/nav2_voxel_grid) by extension 'ignore'
[0.449s] Level 1:colcon.colcon_core.package_identification:_identify(thirdparty/navigation2/nav2_voxel_grid) by extension 'ignore_ament_install'
[0.449s] Level 1:colcon.colcon_core.package_identification:_identify(thirdparty/navigation2/nav2_voxel_grid) by extensions ['colcon_pkg']
[0.449s] Level 1:colcon.colcon_core.package_identification:_identify(thirdparty/navigation2/nav2_voxel_grid) by extension 'colcon_pkg'
[0.449s] Level 1:colcon.colcon_core.package_identification:_identify(thirdparty/navigation2/nav2_voxel_grid) by extensions ['colcon_meta']
[0.449s] Level 1:colcon.colcon_core.package_identification:_identify(thirdparty/navigation2/nav2_voxel_grid) by extension 'colcon_meta'
[0.449s] Level 1:colcon.colcon_core.package_identification:_identify(thirdparty/navigation2/nav2_voxel_grid) by extensions ['ros']
[0.449s] Level 1:colcon.colcon_core.package_identification:_identify(thirdparty/navigation2/nav2_voxel_grid) by extension 'ros'
[0.450s] DEBUG:colcon.colcon_core.package_identification:Package 'thirdparty/navigation2/nav2_voxel_grid' with type 'ros.ament_cmake' and name 'nav2_voxel_grid'
[0.450s] Level 1:colcon.colcon_core.package_identification:_identify(thirdparty/navigation2/nav2_waypoint_follower) by extensions ['ignore', 'ignore_ament_install']
[0.450s] Level 1:colcon.colcon_core.package_identification:_identify(thirdparty/navigation2/nav2_waypoint_follower) by extension 'ignore'
[0.450s] Level 1:colcon.colcon_core.package_identification:_identify(thirdparty/navigation2/nav2_waypoint_follower) by extension 'ignore_ament_install'
[0.450s] Level 1:colcon.colcon_core.package_identification:_identify(thirdparty/navigation2/nav2_waypoint_follower) by extensions ['colcon_pkg']
[0.450s] Level 1:colcon.colcon_core.package_identification:_identify(thirdparty/navigation2/nav2_waypoint_follower) by extension 'colcon_pkg'
[0.450s] Level 1:colcon.colcon_core.package_identification:_identify(thirdparty/navigation2/nav2_waypoint_follower) by extensions ['colcon_meta']
[0.450s] Level 1:colcon.colcon_core.package_identification:_identify(thirdparty/navigation2/nav2_waypoint_follower) by extension 'colcon_meta'
[0.450s] Level 1:colcon.colcon_core.package_identification:_identify(thirdparty/navigation2/nav2_waypoint_follower) by extensions ['ros']
[0.450s] Level 1:colcon.colcon_core.package_identification:_identify(thirdparty/navigation2/nav2_waypoint_follower) by extension 'ros'
[0.452s] DEBUG:colcon.colcon_core.package_identification:Package 'thirdparty/navigation2/nav2_waypoint_follower' with type 'ros.ament_cmake' and name 'nav2_waypoint_follower'
[0.452s] Level 1:colcon.colcon_core.package_identification:_identify(thirdparty/navigation2/navigation2) by extensions ['ignore', 'ignore_ament_install']
[0.452s] Level 1:colcon.colcon_core.package_identification:_identify(thirdparty/navigation2/navigation2) by extension 'ignore'
[0.452s] Level 1:colcon.colcon_core.package_identification:_identify(thirdparty/navigation2/navigation2) by extension 'ignore_ament_install'
[0.452s] Level 1:colcon.colcon_core.package_identification:_identify(thirdparty/navigation2/navigation2) by extensions ['colcon_pkg']
[0.452s] Level 1:colcon.colcon_core.package_identification:_identify(thirdparty/navigation2/navigation2) by extension 'colcon_pkg'
[0.452s] Level 1:colcon.colcon_core.package_identification:_identify(thirdparty/navigation2/navigation2) by extensions ['colcon_meta']
[0.452s] Level 1:colcon.colcon_core.package_identification:_identify(thirdparty/navigation2/navigation2) by extension 'colcon_meta'
[0.452s] Level 1:colcon.colcon_core.package_identification:_identify(thirdparty/navigation2/navigation2) by extensions ['ros']
[0.452s] Level 1:colcon.colcon_core.package_identification:_identify(thirdparty/navigation2/navigation2) by extension 'ros'
[0.453s] DEBUG:colcon.colcon_core.package_identification:Package 'thirdparty/navigation2/navigation2' with type 'ros.ament_cmake' and name 'navigation2'
[0.453s] Level 1:colcon.colcon_core.package_identification:_identify(thirdparty/navigation2/tools) by extensions ['ignore', 'ignore_ament_install']
[0.453s] Level 1:colcon.colcon_core.package_identification:_identify(thirdparty/navigation2/tools) by extension 'ignore'
[0.454s] Level 1:colcon.colcon_core.package_identification:_identify(thirdparty/navigation2/tools) by extension 'ignore_ament_install'
[0.454s] Level 1:colcon.colcon_core.package_identification:_identify(thirdparty/navigation2/tools) by extensions ['colcon_pkg']
[0.454s] Level 1:colcon.colcon_core.package_identification:_identify(thirdparty/navigation2/tools) by extension 'colcon_pkg'
[0.454s] Level 1:colcon.colcon_core.package_identification:_identify(thirdparty/navigation2/tools) by extensions ['colcon_meta']
[0.454s] Level 1:colcon.colcon_core.package_identification:_identify(thirdparty/navigation2/tools) by extension 'colcon_meta'
[0.454s] Level 1:colcon.colcon_core.package_identification:_identify(thirdparty/navigation2/tools) by extensions ['ros']
[0.454s] Level 1:colcon.colcon_core.package_identification:_identify(thirdparty/navigation2/tools) by extension 'ros'
[0.454s] Level 1:colcon.colcon_core.package_identification:_identify(thirdparty/navigation2/tools) by extensions ['cmake', 'python']
[0.454s] Level 1:colcon.colcon_core.package_identification:_identify(thirdparty/navigation2/tools) by extension 'cmake'
[0.454s] Level 1:colcon.colcon_core.package_identification:_identify(thirdparty/navigation2/tools) by extension 'python'
[0.454s] Level 1:colcon.colcon_core.package_identification:_identify(thirdparty/navigation2/tools) by extensions ['python_setup_py']
[0.454s] Level 1:colcon.colcon_core.package_identification:_identify(thirdparty/navigation2/tools) by extension 'python_setup_py'
[0.454s] Level 1:colcon.colcon_core.package_identification:_identify(thirdparty/navigation2/tools/planner_benchmarking) by extensions ['ignore', 'ignore_ament_install']
[0.454s] Level 1:colcon.colcon_core.package_identification:_identify(thirdparty/navigation2/tools/planner_benchmarking) by extension 'ignore'
[0.454s] Level 1:colcon.colcon_core.package_identification:_identify(thirdparty/navigation2/tools/planner_benchmarking) by extension 'ignore_ament_install'
[0.454s] Level 1:colcon.colcon_core.package_identification:_identify(thirdparty/navigation2/tools/planner_benchmarking) by extensions ['colcon_pkg']
[0.454s] Level 1:colcon.colcon_core.package_identification:_identify(thirdparty/navigation2/tools/planner_benchmarking) by extension 'colcon_pkg'
[0.454s] Level 1:colcon.colcon_core.package_identification:_identify(thirdparty/navigation2/tools/planner_benchmarking) by extensions ['colcon_meta']
[0.455s] Level 1:colcon.colcon_core.package_identification:_identify(thirdparty/navigation2/tools/planner_benchmarking) by extension 'colcon_meta'
[0.455s] Level 1:colcon.colcon_core.package_identification:_identify(thirdparty/navigation2/tools/planner_benchmarking) by extensions ['ros']
[0.455s] Level 1:colcon.colcon_core.package_identification:_identify(thirdparty/navigation2/tools/planner_benchmarking) by extension 'ros'
[0.455s] Level 1:colcon.colcon_core.package_identification:_identify(thirdparty/navigation2/tools/planner_benchmarking) by extensions ['cmake', 'python']
[0.455s] Level 1:colcon.colcon_core.package_identification:_identify(thirdparty/navigation2/tools/planner_benchmarking) by extension 'cmake'
[0.455s] Level 1:colcon.colcon_core.package_identification:_identify(thirdparty/navigation2/tools/planner_benchmarking) by extension 'python'
[0.455s] Level 1:colcon.colcon_core.package_identification:_identify(thirdparty/navigation2/tools/planner_benchmarking) by extensions ['python_setup_py']
[0.455s] Level 1:colcon.colcon_core.package_identification:_identify(thirdparty/navigation2/tools/planner_benchmarking) by extension 'python_setup_py'
[0.455s] Level 1:colcon.colcon_core.package_identification:_identify(thirdparty/navigation2/tools/smoother_benchmarking) by extensions ['ignore', 'ignore_ament_install']
[0.455s] Level 1:colcon.colcon_core.package_identification:_identify(thirdparty/navigation2/tools/smoother_benchmarking) by extension 'ignore'
[0.455s] Level 1:colcon.colcon_core.package_identification:_identify(thirdparty/navigation2/tools/smoother_benchmarking) by extension 'ignore_ament_install'
[0.455s] Level 1:colcon.colcon_core.package_identification:_identify(thirdparty/navigation2/tools/smoother_benchmarking) by extensions ['colcon_pkg']
[0.455s] Level 1:colcon.colcon_core.package_identification:_identify(thirdparty/navigation2/tools/smoother_benchmarking) by extension 'colcon_pkg'
[0.455s] Level 1:colcon.colcon_core.package_identification:_identify(thirdparty/navigation2/tools/smoother_benchmarking) by extensions ['colcon_meta']
[0.455s] Level 1:colcon.colcon_core.package_identification:_identify(thirdparty/navigation2/tools/smoother_benchmarking) by extension 'colcon_meta'
[0.455s] Level 1:colcon.colcon_core.package_identification:_identify(thirdparty/navigation2/tools/smoother_benchmarking) by extensions ['ros']
[0.455s] Level 1:colcon.colcon_core.package_identification:_identify(thirdparty/navigation2/tools/smoother_benchmarking) by extension 'ros'
[0.455s] Level 1:colcon.colcon_core.package_identification:_identify(thirdparty/navigation2/tools/smoother_benchmarking) by extensions ['cmake', 'python']
[0.456s] Level 1:colcon.colcon_core.package_identification:_identify(thirdparty/navigation2/tools/smoother_benchmarking) by extension 'cmake'
[0.456s] Level 1:colcon.colcon_core.package_identification:_identify(thirdparty/navigation2/tools/smoother_benchmarking) by extension 'python'
[0.456s] Level 1:colcon.colcon_core.package_identification:_identify(thirdparty/navigation2/tools/smoother_benchmarking) by extensions ['python_setup_py']
[0.456s] Level 1:colcon.colcon_core.package_identification:_identify(thirdparty/navigation2/tools/smoother_benchmarking) by extension 'python_setup_py'
[0.456s] Level 1:colcon.colcon_core.package_identification:_identify(thirdparty/navigation2/tools/smoother_benchmarking/maps) by extensions ['ignore', 'ignore_ament_install']
[0.456s] Level 1:colcon.colcon_core.package_identification:_identify(thirdparty/navigation2/tools/smoother_benchmarking/maps) by extension 'ignore'
[0.456s] Level 1:colcon.colcon_core.package_identification:_identify(thirdparty/navigation2/tools/smoother_benchmarking/maps) by extension 'ignore_ament_install'
[0.456s] Level 1:colcon.colcon_core.package_identification:_identify(thirdparty/navigation2/tools/smoother_benchmarking/maps) by extensions ['colcon_pkg']
[0.456s] Level 1:colcon.colcon_core.package_identification:_identify(thirdparty/navigation2/tools/smoother_benchmarking/maps) by extension 'colcon_pkg'
[0.456s] Level 1:colcon.colcon_core.package_identification:_identify(thirdparty/navigation2/tools/smoother_benchmarking/maps) by extensions ['colcon_meta']
[0.456s] Level 1:colcon.colcon_core.package_identification:_identify(thirdparty/navigation2/tools/smoother_benchmarking/maps) by extension 'colcon_meta'
[0.456s] Level 1:colcon.colcon_core.package_identification:_identify(thirdparty/navigation2/tools/smoother_benchmarking/maps) by extensions ['ros']
[0.456s] Level 1:colcon.colcon_core.package_identification:_identify(thirdparty/navigation2/tools/smoother_benchmarking/maps) by extension 'ros'
[0.456s] Level 1:colcon.colcon_core.package_identification:_identify(thirdparty/navigation2/tools/smoother_benchmarking/maps) by extensions ['cmake', 'python']
[0.456s] Level 1:colcon.colcon_core.package_identification:_identify(thirdparty/navigation2/tools/smoother_benchmarking/maps) by extension 'cmake'
[0.456s] Level 1:colcon.colcon_core.package_identification:_identify(thirdparty/navigation2/tools/smoother_benchmarking/maps) by extension 'python'
[0.456s] Level 1:colcon.colcon_core.package_identification:_identify(thirdparty/navigation2/tools/smoother_benchmarking/maps) by extensions ['python_setup_py']
[0.456s] Level 1:colcon.colcon_core.package_identification:_identify(thirdparty/navigation2/tools/smoother_benchmarking/maps) by extension 'python_setup_py'
[0.457s] Level 1:colcon.colcon_core.package_identification:_identify(thirdparty/rf2o_laser_odometry) by extensions ['ignore', 'ignore_ament_install']
[0.457s] Level 1:colcon.colcon_core.package_identification:_identify(thirdparty/rf2o_laser_odometry) by extension 'ignore'
[0.457s] Level 1:colcon.colcon_core.package_identification:_identify(thirdparty/rf2o_laser_odometry) by extension 'ignore_ament_install'
[0.457s] Level 1:colcon.colcon_core.package_identification:_identify(thirdparty/rf2o_laser_odometry) by extensions ['colcon_pkg']
[0.457s] Level 1:colcon.colcon_core.package_identification:_identify(thirdparty/rf2o_laser_odometry) by extension 'colcon_pkg'
[0.457s] Level 1:colcon.colcon_core.package_identification:_identify(thirdparty/rf2o_laser_odometry) by extensions ['colcon_meta']
[0.457s] Level 1:colcon.colcon_core.package_identification:_identify(thirdparty/rf2o_laser_odometry) by extension 'colcon_meta'
[0.457s] Level 1:colcon.colcon_core.package_identification:_identify(thirdparty/rf2o_laser_odometry) by extensions ['ros']
[0.457s] Level 1:colcon.colcon_core.package_identification:_identify(thirdparty/rf2o_laser_odometry) by extension 'ros'
[0.458s] DEBUG:colcon.colcon_core.package_identification:Package 'thirdparty/rf2o_laser_odometry' with type 'ros.ament_cmake' and name 'rf2o_laser_odometry'
[0.458s] Level 1:colcon.colcon_core.package_identification:_identify(thirdparty/robot_localization) by extensions ['ignore', 'ignore_ament_install']
[0.458s] Level 1:colcon.colcon_core.package_identification:_identify(thirdparty/robot_localization) by extension 'ignore'
[0.458s] Level 1:colcon.colcon_core.package_identification:_identify(thirdparty/robot_localization) by extension 'ignore_ament_install'
[0.458s] Level 1:colcon.colcon_core.package_identification:_identify(thirdparty/robot_localization) by extensions ['colcon_pkg']
[0.458s] Level 1:colcon.colcon_core.package_identification:_identify(thirdparty/robot_localization) by extension 'colcon_pkg'
[0.458s] Level 1:colcon.colcon_core.package_identification:_identify(thirdparty/robot_localization) by extensions ['colcon_meta']
[0.458s] Level 1:colcon.colcon_core.package_identification:_identify(thirdparty/robot_localization) by extension 'colcon_meta'
[0.459s] Level 1:colcon.colcon_core.package_identification:_identify(thirdparty/robot_localization) by extensions ['ros']
[0.459s] Level 1:colcon.colcon_core.package_identification:_identify(thirdparty/robot_localization) by extension 'ros'
[0.461s] DEBUG:colcon.colcon_core.package_identification:Package 'thirdparty/robot_localization' with type 'ros.ament_cmake' and name 'robot_localization'
[0.461s] Level 1:colcon.colcon_core.package_identification:_identify(thirdparty/slam_toolbox) by extensions ['ignore', 'ignore_ament_install']
[0.461s] Level 1:colcon.colcon_core.package_identification:_identify(thirdparty/slam_toolbox) by extension 'ignore'
[0.461s] Level 1:colcon.colcon_core.package_identification:_identify(thirdparty/slam_toolbox) by extension 'ignore_ament_install'
[0.461s] Level 1:colcon.colcon_core.package_identification:_identify(thirdparty/slam_toolbox) by extensions ['colcon_pkg']
[0.461s] Level 1:colcon.colcon_core.package_identification:_identify(thirdparty/slam_toolbox) by extension 'colcon_pkg'
[0.461s] Level 1:colcon.colcon_core.package_identification:_identify(thirdparty/slam_toolbox) by extensions ['colcon_meta']
[0.461s] Level 1:colcon.colcon_core.package_identification:_identify(thirdparty/slam_toolbox) by extension 'colcon_meta'
[0.461s] Level 1:colcon.colcon_core.package_identification:_identify(thirdparty/slam_toolbox) by extensions ['ros']
[0.461s] Level 1:colcon.colcon_core.package_identification:_identify(thirdparty/slam_toolbox) by extension 'ros'
[0.463s] DEBUG:colcon.colcon_core.package_identification:Package 'thirdparty/slam_toolbox' with type 'ros.ament_cmake' and name 'slam_toolbox'
[0.463s] Level 1:colcon.colcon_core.package_identification:_identify(thirdparty/ydlidar_ros2_driver) by extensions ['ignore', 'ignore_ament_install']
[0.463s] Level 1:colcon.colcon_core.package_identification:_identify(thirdparty/ydlidar_ros2_driver) by extension 'ignore'
[0.463s] Level 1:colcon.colcon_core.package_identification:_identify(thirdparty/ydlidar_ros2_driver) by extension 'ignore_ament_install'
[0.463s] Level 1:colcon.colcon_core.package_identification:_identify(thirdparty/ydlidar_ros2_driver) by extensions ['colcon_pkg']
[0.463s] Level 1:colcon.colcon_core.package_identification:_identify(thirdparty/ydlidar_ros2_driver) by extension 'colcon_pkg'
[0.463s] Level 1:colcon.colcon_core.package_identification:_identify(thirdparty/ydlidar_ros2_driver) by extensions ['colcon_meta']
[0.463s] Level 1:colcon.colcon_core.package_identification:_identify(thirdparty/ydlidar_ros2_driver) by extension 'colcon_meta'
[0.463s] Level 1:colcon.colcon_core.package_identification:_identify(thirdparty/ydlidar_ros2_driver) by extensions ['ros']
[0.463s] Level 1:colcon.colcon_core.package_identification:_identify(thirdparty/ydlidar_ros2_driver) by extension 'ros'
[0.464s] DEBUG:colcon.colcon_core.package_identification:Package 'thirdparty/ydlidar_ros2_driver' with type 'ros.ament_cmake' and name 'ydlidar_ros2_driver'
[0.464s] Level 1:colcon.colcon_core.package_identification:_identify(tools) by extensions ['ignore', 'ignore_ament_install']
[0.464s] Level 1:colcon.colcon_core.package_identification:_identify(tools) by extension 'ignore'
[0.464s] Level 1:colcon.colcon_core.package_identification:_identify(tools) by extension 'ignore_ament_install'
[0.464s] Level 1:colcon.colcon_core.package_identification:_identify(tools) by extensions ['colcon_pkg']
[0.464s] Level 1:colcon.colcon_core.package_identification:_identify(tools) by extension 'colcon_pkg'
[0.464s] Level 1:colcon.colcon_core.package_identification:_identify(tools) by extensions ['colcon_meta']
[0.464s] Level 1:colcon.colcon_core.package_identification:_identify(tools) by extension 'colcon_meta'
[0.464s] Level 1:colcon.colcon_core.package_identification:_identify(tools) by extensions ['ros']
[0.465s] Level 1:colcon.colcon_core.package_identification:_identify(tools) by extension 'ros'
[0.465s] Level 1:colcon.colcon_core.package_identification:_identify(tools) by extensions ['cmake', 'python']
[0.465s] Level 1:colcon.colcon_core.package_identification:_identify(tools) by extension 'cmake'
[0.465s] Level 1:colcon.colcon_core.package_identification:_identify(tools) by extension 'python'
[0.465s] Level 1:colcon.colcon_core.package_identification:_identify(tools) by extensions ['python_setup_py']
[0.465s] Level 1:colcon.colcon_core.package_identification:_identify(tools) by extension 'python_setup_py'
[0.465s] Level 1:colcon.colcon_core.package_identification:_identify(tools/manipulator_teleop) by extensions ['ignore', 'ignore_ament_install']
[0.465s] Level 1:colcon.colcon_core.package_identification:_identify(tools/manipulator_teleop) by extension 'ignore'
[0.465s] Level 1:colcon.colcon_core.package_identification:_identify(tools/manipulator_teleop) by extension 'ignore_ament_install'
[0.465s] Level 1:colcon.colcon_core.package_identification:_identify(tools/manipulator_teleop) by extensions ['colcon_pkg']
[0.465s] Level 1:colcon.colcon_core.package_identification:_identify(tools/manipulator_teleop) by extension 'colcon_pkg'
[0.465s] Level 1:colcon.colcon_core.package_identification:_identify(tools/manipulator_teleop) by extensions ['colcon_meta']
[0.465s] Level 1:colcon.colcon_core.package_identification:_identify(tools/manipulator_teleop) by extension 'colcon_meta'
[0.465s] Level 1:colcon.colcon_core.package_identification:_identify(tools/manipulator_teleop) by extensions ['ros']
[0.465s] Level 1:colcon.colcon_core.package_identification:_identify(tools/manipulator_teleop) by extension 'ros'
[0.466s] DEBUG:colcon.colcon_core.package_identification:Package 'tools/manipulator_teleop' with type 'ros.ament_python' and name 'manipulator_teleop'
[0.466s] Level 1:colcon.colcon_core.package_discovery:discover_packages(recursive) using defaults
[0.466s] Level 1:colcon.colcon_core.package_discovery:discover_packages(ignore) discover
[0.466s] Level 1:colcon.colcon_core.package_discovery:discover_packages(ignore) using defaults
[0.466s] Level 1:colcon.colcon_core.package_discovery:discover_packages(path) discover
[0.466s] Level 1:colcon.colcon_core.package_discovery:discover_packages(path) using defaults
[0.629s] INFO:colcon.colcon_core.package_selection:Skipping not selected package 'apriltag_ros' in 'thirdparty/apriltag_ros/apriltag_ros'
[0.629s] INFO:colcon.colcon_core.package_selection:Skipping not selected package 'bringup' in 'bringup'
[0.629s] INFO:colcon.colcon_core.package_selection:Skipping not selected package 'description' in 'description'
[0.629s] INFO:colcon.colcon_core.package_selection:Skipping not selected package 'inertial_measurement_unit' in 'systems/drivers/inertial_measurement_unit'
[0.629s] INFO:colcon.colcon_core.package_selection:Skipping not selected package 'localization' in 'localization'
[0.629s] INFO:colcon.colcon_core.package_selection:Skipping not selected package 'manipulator_teleop' in 'tools/manipulator_teleop'
[0.629s] INFO:colcon.colcon_core.package_selection:Skipping not selected package 'moveit_common' in 'thirdparty/moveit2/moveit_common'
[0.629s] INFO:colcon.colcon_core.package_selection:Skipping not selected package 'moveit_configs_utils' in 'thirdparty/moveit2/moveit_configs_utils'
[0.629s] INFO:colcon.colcon_core.package_selection:Skipping not selected package 'moveit_resources_prbt_support' in 'thirdparty/moveit2/moveit_planners/test_configs/prbt_support'
[0.629s] INFO:colcon.colcon_core.package_selection:Skipping not selected package 'nav2_common' in 'thirdparty/navigation2/nav2_common'
[0.629s] INFO:colcon.colcon_core.package_selection:Skipping not selected package 'nav_2d_msgs' in 'thirdparty/navigation2/nav2_dwb_controller/nav_2d_msgs'
[0.629s] INFO:colcon.colcon_core.package_selection:Skipping not selected package 'rf2o_laser_odometry' in 'thirdparty/rf2o_laser_odometry'
[0.629s] INFO:colcon.colcon_core.package_selection:Skipping not selected package 'robot_localization' in 'thirdparty/robot_localization'
[0.629s] INFO:colcon.colcon_core.package_selection:Skipping not selected package 'slam_toolbox' in 'thirdparty/slam_toolbox'
[0.629s] INFO:colcon.colcon_core.package_selection:Skipping not selected package 'ydlidar_ros2_driver' in 'thirdparty/ydlidar_ros2_driver'
[0.629s] INFO:colcon.colcon_core.package_selection:Skipping not selected package 'ydlidar_sdk' in 'thirdparty/YDLidar-SDK'
[0.629s] INFO:colcon.colcon_core.package_selection:Skipping not selected package 'dwb_msgs' in 'thirdparty/navigation2/nav2_dwb_controller/dwb_msgs'
[0.629s] INFO:colcon.colcon_core.package_selection:Skipping not selected package 'moveit_core' in 'thirdparty/moveit2/moveit_core'
[0.629s] INFO:colcon.colcon_core.package_selection:Skipping not selected package 'nav2_msgs' in 'thirdparty/navigation2/nav2_msgs'
[0.629s] INFO:colcon.colcon_core.package_selection:Skipping not selected package 'nav2_voxel_grid' in 'thirdparty/navigation2/nav2_voxel_grid'
[0.629s] INFO:colcon.colcon_core.package_selection:Skipping not selected package 'chomp_motion_planner' in 'thirdparty/moveit2/moveit_planners/chomp/chomp_motion_planner'
[0.629s] INFO:colcon.colcon_core.package_selection:Skipping not selected package 'moveit_planners_stomp' in 'thirdparty/moveit2/moveit_planners/stomp'
[0.629s] INFO:colcon.colcon_core.package_selection:Skipping not selected package 'moveit_resources_prbt_ikfast_manipulator_plugin' in 'thirdparty/moveit2/moveit_planners/test_configs/prbt_ikfast_manipulator_plugin'
[0.629s] INFO:colcon.colcon_core.package_selection:Skipping not selected package 'moveit_ros_occupancy_map_monitor' in 'thirdparty/moveit2/moveit_ros/occupancy_map_monitor'
[0.629s] INFO:colcon.colcon_core.package_selection:Skipping not selected package 'moveit_simple_controller_manager' in 'thirdparty/moveit2/moveit_plugins/moveit_simple_controller_manager'
[0.629s] INFO:colcon.colcon_core.package_selection:Skipping not selected package 'nav2_simple_commander' in 'thirdparty/navigation2/nav2_simple_commander'
[0.629s] INFO:colcon.colcon_core.package_selection:Skipping not selected package 'nav2_util' in 'thirdparty/navigation2/nav2_util'
[0.629s] INFO:colcon.colcon_core.package_selection:Skipping not selected package 'pilz_industrial_motion_planner_testutils' in 'thirdparty/moveit2/moveit_planners/pilz_industrial_motion_planner_testutils'
[0.629s] INFO:colcon.colcon_core.package_selection:Skipping not selected package 'moveit_planners_chomp' in 'thirdparty/moveit2/moveit_planners/chomp/chomp_interface'
[0.629s] INFO:colcon.colcon_core.package_selection:Skipping not selected package 'moveit_plugins' in 'thirdparty/moveit2/moveit_plugins/moveit_plugins'
[0.629s] INFO:colcon.colcon_core.package_selection:Skipping not selected package 'moveit_ros_control_interface' in 'thirdparty/moveit2/moveit_plugins/moveit_ros_control_interface'
[0.629s] INFO:colcon.colcon_core.package_selection:Skipping not selected package 'moveit_ros_planning' in 'thirdparty/moveit2/moveit_ros/planning'
[0.629s] INFO:colcon.colcon_core.package_selection:Skipping not selected package 'nav2_amcl' in 'thirdparty/navigation2/nav2_amcl'
[0.630s] INFO:colcon.colcon_core.package_selection:Skipping not selected package 'nav2_behavior_tree' in 'thirdparty/navigation2/nav2_behavior_tree'
[0.630s] INFO:colcon.colcon_core.package_selection:Skipping not selected package 'nav2_lifecycle_manager' in 'thirdparty/navigation2/nav2_lifecycle_manager'
[0.630s] INFO:colcon.colcon_core.package_selection:Skipping not selected package 'nav2_loopback_sim' in 'thirdparty/navigation2/nav2_loopback_sim'
[0.630s] INFO:colcon.colcon_core.package_selection:Skipping not selected package 'nav2_map_server' in 'thirdparty/navigation2/nav2_map_server'
[0.630s] INFO:colcon.colcon_core.package_selection:Skipping not selected package 'nav2_velocity_smoother' in 'thirdparty/navigation2/nav2_velocity_smoother'
[0.630s] INFO:colcon.colcon_core.package_selection:Skipping not selected package 'nav_2d_utils' in 'thirdparty/navigation2/nav2_dwb_controller/nav_2d_utils'
[0.630s] INFO:colcon.colcon_core.package_selection:Skipping not selected package 'opennav_docking_core' in 'thirdparty/navigation2/nav2_docking/opennav_docking_core'
[0.630s] INFO:colcon.colcon_core.package_selection:Skipping not selected package 'moveit_kinematics' in 'thirdparty/moveit2/moveit_kinematics'
[0.630s] INFO:colcon.colcon_core.package_selection:Skipping not selected package 'moveit_planners_ompl' in 'thirdparty/moveit2/moveit_planners/ompl'
[0.630s] INFO:colcon.colcon_core.package_selection:Skipping not selected package 'moveit_ros_perception' in 'thirdparty/moveit2/moveit_ros/perception'
[0.630s] INFO:colcon.colcon_core.package_selection:Skipping not selected package 'moveit_ros_robot_interaction' in 'thirdparty/moveit2/moveit_ros/robot_interaction'
[0.630s] INFO:colcon.colcon_core.package_selection:Skipping not selected package 'moveit_ros_warehouse' in 'thirdparty/moveit2/moveit_ros/warehouse'
[0.630s] INFO:colcon.colcon_core.package_selection:Skipping not selected package 'nav2_costmap_2d' in 'thirdparty/navigation2/nav2_costmap_2d'
[0.630s] INFO:colcon.colcon_core.package_selection:Skipping not selected package 'costmap_queue' in 'thirdparty/navigation2/nav2_dwb_controller/costmap_queue'
[0.630s] INFO:colcon.colcon_core.package_selection:Skipping not selected package 'moveit_ros_benchmarks' in 'thirdparty/moveit2/moveit_ros/benchmarks'
[0.630s] INFO:colcon.colcon_core.package_selection:Skipping not selected package 'moveit_ros_move_group' in 'thirdparty/moveit2/moveit_ros/move_group'
[0.630s] INFO:colcon.colcon_core.package_selection:Skipping not selected package 'nav2_collision_monitor' in 'thirdparty/navigation2/nav2_collision_monitor'
[0.630s] INFO:colcon.colcon_core.package_selection:Skipping not selected package 'nav2_core' in 'thirdparty/navigation2/nav2_core'
[0.630s] INFO:colcon.colcon_core.package_selection:Skipping not selected package 'dwb_core' in 'thirdparty/navigation2/nav2_dwb_controller/dwb_core'
[0.630s] INFO:colcon.colcon_core.package_selection:Skipping not selected package 'manipulator' in 'moveit/manipulator'
[0.630s] INFO:colcon.colcon_core.package_selection:Skipping not selected package 'moveit_resources_prbt_moveit_config' in 'thirdparty/moveit2/moveit_planners/test_configs/prbt_moveit_config'
[0.630s] INFO:colcon.colcon_core.package_selection:Skipping not selected package 'moveit_ros_planning_interface' in 'thirdparty/moveit2/moveit_ros/planning_interface'
[0.630s] INFO:colcon.colcon_core.package_selection:Skipping not selected package 'nav2_behaviors' in 'thirdparty/navigation2/nav2_behaviors'
[0.630s] INFO:colcon.colcon_core.package_selection:Skipping not selected package 'nav2_bt_navigator' in 'thirdparty/navigation2/nav2_bt_navigator'
[0.630s] INFO:colcon.colcon_core.package_selection:Skipping not selected package 'nav2_constrained_smoother' in 'thirdparty/navigation2/nav2_constrained_smoother'
[0.630s] INFO:colcon.colcon_core.package_selection:Skipping not selected package 'nav2_controller' in 'thirdparty/navigation2/nav2_controller'
[0.630s] INFO:colcon.colcon_core.package_selection:Skipping not selected package 'nav2_mppi_controller' in 'thirdparty/navigation2/nav2_mppi_controller'
[0.630s] INFO:colcon.colcon_core.package_selection:Skipping not selected package 'nav2_navfn_planner' in 'thirdparty/navigation2/nav2_navfn_planner'
[0.630s] INFO:colcon.colcon_core.package_selection:Skipping not selected package 'nav2_planner' in 'thirdparty/navigation2/nav2_planner'
[0.630s] INFO:colcon.colcon_core.package_selection:Skipping not selected package 'nav2_regulated_pure_pursuit_controller' in 'thirdparty/navigation2/nav2_regulated_pure_pursuit_controller'
[0.630s] INFO:colcon.colcon_core.package_selection:Skipping not selected package 'nav2_route' in 'thirdparty/navigation2/nav2_route'
[0.630s] INFO:colcon.colcon_core.package_selection:Skipping not selected package 'nav2_smac_planner' in 'thirdparty/navigation2/nav2_smac_planner'
[0.630s] INFO:colcon.colcon_core.package_selection:Skipping not selected package 'nav2_smoother' in 'thirdparty/navigation2/nav2_smoother'
[0.630s] INFO:colcon.colcon_core.package_selection:Skipping not selected package 'nav2_theta_star_planner' in 'thirdparty/navigation2/nav2_theta_star_planner'
[0.630s] INFO:colcon.colcon_core.package_selection:Skipping not selected package 'nav2_waypoint_follower' in 'thirdparty/navigation2/nav2_waypoint_follower'
[0.630s] INFO:colcon.colcon_core.package_selection:Skipping not selected package 'opennav_docking_bt' in 'thirdparty/navigation2/nav2_docking/opennav_docking_bt'
[0.630s] INFO:colcon.colcon_core.package_selection:Skipping not selected package 'dwb_critics' in 'thirdparty/navigation2/nav2_dwb_controller/dwb_critics'
[0.630s] INFO:colcon.colcon_core.package_selection:Skipping not selected package 'dwb_plugins' in 'thirdparty/navigation2/nav2_dwb_controller/dwb_plugins'
[0.630s] INFO:colcon.colcon_core.package_selection:Skipping not selected package 'moveit_hybrid_planning' in 'thirdparty/moveit2/moveit_ros/hybrid_planning'
[0.630s] INFO:colcon.colcon_core.package_selection:Skipping not selected package 'moveit_py' in 'thirdparty/moveit2/moveit_py'
[0.630s] INFO:colcon.colcon_core.package_selection:Skipping not selected package 'moveit_resources_prbt_pg70_support' in 'thirdparty/moveit2/moveit_planners/test_configs/prbt_pg70_support'
[0.630s] INFO:colcon.colcon_core.package_selection:Skipping not selected package 'moveit_ros_visualization' in 'thirdparty/moveit2/moveit_ros/visualization'
[0.630s] INFO:colcon.colcon_core.package_selection:Skipping not selected package 'nav2_graceful_controller' in 'thirdparty/navigation2/nav2_graceful_controller'
[0.630s] INFO:colcon.colcon_core.package_selection:Skipping not selected package 'nav2_rotation_shim_controller' in 'thirdparty/navigation2/nav2_rotation_shim_controller'
[0.631s] INFO:colcon.colcon_core.package_selection:Skipping not selected package 'nav2_rviz_plugins' in 'thirdparty/navigation2/nav2_rviz_plugins'
[0.631s] INFO:colcon.colcon_core.package_selection:Skipping not selected package 'moveit_ros' in 'thirdparty/moveit2/moveit_ros/moveit_ros'
[0.631s] INFO:colcon.colcon_core.package_selection:Skipping not selected package 'moveit_servo' in 'thirdparty/moveit2/moveit_ros/moveit_servo'
[0.631s] INFO:colcon.colcon_core.package_selection:Skipping not selected package 'moveit_setup_framework' in 'thirdparty/moveit2/moveit_setup_assistant/moveit_setup_framework'
[0.631s] INFO:colcon.colcon_core.package_selection:Skipping not selected package 'nav2_dwb_controller' in 'thirdparty/navigation2/nav2_dwb_controller/nav2_dwb_controller'
[0.631s] INFO:colcon.colcon_core.package_selection:Skipping not selected package 'opennav_docking' in 'thirdparty/navigation2/nav2_docking/opennav_docking'
[0.631s] INFO:colcon.colcon_core.package_selection:Skipping not selected package 'pilz_industrial_motion_planner' in 'thirdparty/moveit2/moveit_planners/pilz_industrial_motion_planner'
[0.631s] INFO:colcon.colcon_core.package_selection:Skipping not selected package 'moveit_planners' in 'thirdparty/moveit2/moveit_planners/moveit_planners'
[0.631s] INFO:colcon.colcon_core.package_selection:Skipping not selected package 'moveit_ros_tests' in 'thirdparty/moveit2/moveit_ros/tests'
[0.631s] INFO:colcon.colcon_core.package_selection:Skipping not selected package 'moveit_ros_trajectory_cache' in 'thirdparty/moveit2/moveit_ros/trajectory_cache'
[0.631s] INFO:colcon.colcon_core.package_selection:Skipping not selected package 'moveit_setup_app_plugins' in 'thirdparty/moveit2/moveit_setup_assistant/moveit_setup_app_plugins'
[0.631s] INFO:colcon.colcon_core.package_selection:Skipping not selected package 'moveit_setup_controllers' in 'thirdparty/moveit2/moveit_setup_assistant/moveit_setup_controllers'
[0.631s] INFO:colcon.colcon_core.package_selection:Skipping not selected package 'moveit_setup_core_plugins' in 'thirdparty/moveit2/moveit_setup_assistant/moveit_setup_core_plugins'
[0.631s] INFO:colcon.colcon_core.package_selection:Skipping not selected package 'moveit_setup_srdf_plugins' in 'thirdparty/moveit2/moveit_setup_assistant/moveit_setup_srdf_plugins'
[0.631s] INFO:colcon.colcon_core.package_selection:Skipping not selected package 'navigation2' in 'thirdparty/navigation2/navigation2'
[0.631s] INFO:colcon.colcon_core.package_selection:Skipping not selected package 'moveit_runtime' in 'thirdparty/moveit2/moveit_runtime'
[0.631s] INFO:colcon.colcon_core.package_selection:Skipping not selected package 'moveit_setup_assistant' in 'thirdparty/moveit2/moveit_setup_assistant/moveit_setup_assistant'
[0.631s] INFO:colcon.colcon_core.package_selection:Skipping not selected package 'nav2_bringup' in 'thirdparty/navigation2/nav2_bringup'
[0.631s] INFO:colcon.colcon_core.package_selection:Skipping not selected package 'moveit' in 'thirdparty/moveit2/moveit'
[0.631s] INFO:colcon.colcon_core.package_selection:Skipping not selected package 'nav2_system_tests' in 'thirdparty/navigation2/nav2_system_tests'
[0.632s] Level 1:colcon.colcon_core.package_discovery:discover_packages(prefix_path) check parameters
[0.632s] Level 1:colcon.colcon_core.package_discovery:discover_packages(prefix_path) discover
[0.635s] DEBUG:colcon.colcon_installed_package_information.package_discovery:Found 17 installed packages in /home/rpi5/pincer_ws/install
[0.637s] DEBUG:colcon.colcon_installed_package_information.package_discovery:Found 207 installed packages in /opt/ros/jazzy
[0.637s] Level 1:colcon.colcon_core.package_discovery:discover_packages(prefix_path) using defaults
[0.680s] Level 5:colcon.colcon_core.verb:set package 'ackermann_drive_servo_arm' build argument 'cmake_args' from command line to 'None'
[0.680s] Level 5:colcon.colcon_core.verb:set package 'ackermann_drive_servo_arm' build argument 'cmake_target' from command line to 'None'
[0.680s] Level 5:colcon.colcon_core.verb:set package 'ackermann_drive_servo_arm' build argument 'cmake_target_skip_unavailable' from command line to 'False'
[0.680s] Level 5:colcon.colcon_core.verb:set package 'ackermann_drive_servo_arm' build argument 'cmake_clean_cache' from command line to 'False'
[0.680s] Level 5:colcon.colcon_core.verb:set package 'ackermann_drive_servo_arm' build argument 'cmake_clean_first' from command line to 'False'
[0.680s] Level 5:colcon.colcon_core.verb:set package 'ackermann_drive_servo_arm' build argument 'cmake_force_configure' from command line to 'False'
[0.680s] Level 5:colcon.colcon_core.verb:set package 'ackermann_drive_servo_arm' build argument 'ament_cmake_args' from command line to 'None'
[0.681s] Level 5:colcon.colcon_core.verb:set package 'ackermann_drive_servo_arm' build argument 'catkin_cmake_args' from command line to 'None'
[0.681s] Level 5:colcon.colcon_core.verb:set package 'ackermann_drive_servo_arm' build argument 'catkin_skip_building_tests' from command line to 'False'
[0.681s] DEBUG:colcon.colcon_core.verb:Building package 'ackermann_drive_servo_arm' with the following arguments: {'ament_cmake_args': None, 'build_base': '/home/rpi5/pincer_ws/src/pincerRover/build/ackermann_drive_servo_arm', 'catkin_cmake_args': None, 'catkin_skip_building_tests': False, 'cmake_args': None, 'cmake_clean_cache': False, 'cmake_clean_first': False, 'cmake_force_configure': False, 'cmake_target': None, 'cmake_target_skip_unavailable': False, 'install_base': '/home/rpi5/pincer_ws/src/pincerRover/install/ackermann_drive_servo_arm', 'merge_install': False, 'path': '/home/rpi5/pincer_ws/src/pincerRover/systems/drivers/ackermann_drive_servo_arm', 'symlink_install': False, 'test_result_base': None}
[0.681s] INFO:colcon.colcon_core.executor:Executing jobs using 'parallel' executor
[0.683s] DEBUG:colcon.colcon_parallel_executor.executor.parallel:run_until_complete
[0.684s] INFO:colcon.colcon_ros.task.ament_python.build:Building ROS package in '/home/rpi5/pincer_ws/src/pincerRover/systems/drivers/ackermann_drive_servo_arm' with build type 'ament_python'
[0.684s] Level 1:colcon.colcon_core.shell:create_environment_hook('ackermann_drive_servo_arm', 'ament_prefix_path')
[0.687s] INFO:colcon.colcon_core.plugin_system:Skipping extension 'colcon_core.shell.bat': Not used on non-Windows systems
[0.687s] INFO:colcon.colcon_core.shell:Creating environment hook '/home/rpi5/pincer_ws/src/pincerRover/install/ackermann_drive_servo_arm/share/ackermann_drive_servo_arm/hook/ament_prefix_path.ps1'
[0.688s] INFO:colcon.colcon_core.shell:Creating environment descriptor '/home/rpi5/pincer_ws/src/pincerRover/install/ackermann_drive_servo_arm/share/ackermann_drive_servo_arm/hook/ament_prefix_path.dsv'
[0.689s] INFO:colcon.colcon_core.shell:Creating environment hook '/home/rpi5/pincer_ws/src/pincerRover/install/ackermann_drive_servo_arm/share/ackermann_drive_servo_arm/hook/ament_prefix_path.sh'
[0.690s] INFO:colcon.colcon_core.shell:Skip shell extension 'powershell' for command environment: Not usable outside of PowerShell
[0.690s] DEBUG:colcon.colcon_core.shell:Skip shell extension 'dsv' for command environment
[0.995s] INFO:colcon.colcon_core.task.python.build:Building Python package in '/home/rpi5/pincer_ws/src/pincerRover/systems/drivers/ackermann_drive_servo_arm'
[0.995s] INFO:colcon.colcon_core.shell:Skip shell extension 'powershell' for command environment: Not usable outside of PowerShell
[0.995s] DEBUG:colcon.colcon_core.shell:Skip shell extension 'dsv' for command environment
[1.776s] DEBUG:colcon.colcon_core.event_handler.log_command:Invoking command in '/home/rpi5/pincer_ws/src/pincerRover/systems/drivers/ackermann_drive_servo_arm': PYTHONPATH=/home/rpi5/pincer_ws/src/pincerRover/build/ackermann_drive_servo_arm/prefix_override:/usr/lib/python3/dist-packages/colcon_core/task/python/colcon_distutils_commands:/home/rpi5/pincer_ws/src/pincerRover/install/ackermann_drive_servo_arm/lib/python3.12/site-packages:${PYTHONPATH} /usr/bin/python3 -W ignore:setup.py install is deprecated -W ignore:easy_install command is deprecated setup.py egg_info --egg-base ../../../build/ackermann_drive_servo_arm build --build-base /home/rpi5/pincer_ws/src/pincerRover/build/ackermann_drive_servo_arm/build install --record /home/rpi5/pincer_ws/src/pincerRover/build/ackermann_drive_servo_arm/install.log --single-version-externally-managed install_data
[2.555s] DEBUG:colcon.colcon_core.event_handler.log_command:Invoked command in '/home/rpi5/pincer_ws/src/pincerRover/systems/drivers/ackermann_drive_servo_arm' returned '0': PYTHONPATH=/home/rpi5/pincer_ws/src/pincerRover/build/ackermann_drive_servo_arm/prefix_override:/usr/lib/python3/dist-packages/colcon_core/task/python/colcon_distutils_commands:/home/rpi5/pincer_ws/src/pincerRover/install/ackermann_drive_servo_arm/lib/python3.12/site-packages:${PYTHONPATH} /usr/bin/python3 -W ignore:setup.py install is deprecated -W ignore:easy_install command is deprecated setup.py egg_info --egg-base ../../../build/ackermann_drive_servo_arm build --build-base /home/rpi5/pincer_ws/src/pincerRover/build/ackermann_drive_servo_arm/build install --record /home/rpi5/pincer_ws/src/pincerRover/build/ackermann_drive_servo_arm/install.log --single-version-externally-managed install_data
[2.561s] Level 1:colcon.colcon_core.environment:checking '/home/rpi5/pincer_ws/src/pincerRover/install/ackermann_drive_servo_arm' for CMake module files
[2.562s] Level 1:colcon.colcon_core.environment:checking '/home/rpi5/pincer_ws/src/pincerRover/install/ackermann_drive_servo_arm' for CMake config files
[2.562s] Level 1:colcon.colcon_core.environment:checking '/home/rpi5/pincer_ws/src/pincerRover/install/ackermann_drive_servo_arm/lib'
[2.563s] Level 1:colcon.colcon_core.environment:checking '/home/rpi5/pincer_ws/src/pincerRover/install/ackermann_drive_servo_arm/bin'
[2.563s] Level 1:colcon.colcon_core.environment:checking '/home/rpi5/pincer_ws/src/pincerRover/install/ackermann_drive_servo_arm/lib/pkgconfig/ackermann_drive_servo_arm.pc'
[2.563s] Level 1:colcon.colcon_core.environment:checking '/home/rpi5/pincer_ws/src/pincerRover/install/ackermann_drive_servo_arm/lib/python3.12/site-packages'
[2.563s] Level 1:colcon.colcon_core.shell:create_environment_hook('ackermann_drive_servo_arm', 'pythonpath')
[2.563s] INFO:colcon.colcon_core.shell:Creating environment hook '/home/rpi5/pincer_ws/src/pincerRover/install/ackermann_drive_servo_arm/share/ackermann_drive_servo_arm/hook/pythonpath.ps1'
[2.564s] INFO:colcon.colcon_core.shell:Creating environment descriptor '/home/rpi5/pincer_ws/src/pincerRover/install/ackermann_drive_servo_arm/share/ackermann_drive_servo_arm/hook/pythonpath.dsv'
[2.565s] INFO:colcon.colcon_core.shell:Creating environment hook '/home/rpi5/pincer_ws/src/pincerRover/install/ackermann_drive_servo_arm/share/ackermann_drive_servo_arm/hook/pythonpath.sh'
[2.566s] Level 1:colcon.colcon_core.environment:checking '/home/rpi5/pincer_ws/src/pincerRover/install/ackermann_drive_servo_arm/bin'
[2.566s] Level 1:colcon.colcon_core.environment:create_environment_scripts_only(ackermann_drive_servo_arm)
[2.566s] INFO:colcon.colcon_core.shell:Creating package script '/home/rpi5/pincer_ws/src/pincerRover/install/ackermann_drive_servo_arm/share/ackermann_drive_servo_arm/package.ps1'
[2.567s] INFO:colcon.colcon_core.shell:Creating package descriptor '/home/rpi5/pincer_ws/src/pincerRover/install/ackermann_drive_servo_arm/share/ackermann_drive_servo_arm/package.dsv'
[2.568s] INFO:colcon.colcon_core.shell:Creating package script '/home/rpi5/pincer_ws/src/pincerRover/install/ackermann_drive_servo_arm/share/ackermann_drive_servo_arm/package.sh'
[2.568s] INFO:colcon.colcon_core.shell:Creating package script '/home/rpi5/pincer_ws/src/pincerRover/install/ackermann_drive_servo_arm/share/ackermann_drive_servo_arm/package.bash'
[2.570s] INFO:colcon.colcon_core.shell:Creating package script '/home/rpi5/pincer_ws/src/pincerRover/install/ackermann_drive_servo_arm/share/ackermann_drive_servo_arm/package.zsh'
[2.570s] Level 1:colcon.colcon_core.environment:create_file_with_runtime_dependencies(/home/rpi5/pincer_ws/src/pincerRover/install/ackermann_drive_servo_arm/share/colcon-core/packages/ackermann_drive_servo_arm)
[2.571s] DEBUG:colcon.colcon_parallel_executor.executor.parallel:closing loop
[2.571s] DEBUG:colcon.colcon_parallel_executor.executor.parallel:loop closed
[2.572s] DEBUG:colcon.colcon_parallel_executor.executor.parallel:run_until_complete finished with '0'
[2.572s] DEBUG:colcon.colcon_core.event_reactor:joining thread
[2.580s] INFO:colcon.colcon_core.plugin_system:Skipping extension 'colcon_notification.desktop_notification.terminal_notifier': Not used on non-Darwin systems
[2.580s] INFO:colcon.colcon_core.plugin_system:Skipping extension 'colcon_notification.desktop_notification.win32': Not used on non-Windows systems
[2.580s] INFO:colcon.colcon_notification.desktop_notification:Sending desktop notification using 'notify2'
[2.581s] DEBUG:colcon.colcon_notification.desktop_notification.notify2:Failed to initialize notify2: org.freedesktop.DBus.Error.ServiceUnknown: The name org.freedesktop.Notifications was not provided by any .service files
[2.581s] DEBUG:colcon.colcon_core.event_reactor:joined thread
[2.582s] INFO:colcon.colcon_core.shell:Creating prefix script '/home/rpi5/pincer_ws/src/pincerRover/install/local_setup.ps1'
[2.583s] INFO:colcon.colcon_core.shell:Creating prefix util module '/home/rpi5/pincer_ws/src/pincerRover/install/_local_setup_util_ps1.py'
[2.584s] INFO:colcon.colcon_core.shell:Creating prefix chain script '/home/rpi5/pincer_ws/src/pincerRover/install/setup.ps1'
[2.586s] INFO:colcon.colcon_core.shell:Creating prefix script '/home/rpi5/pincer_ws/src/pincerRover/install/local_setup.sh'
[2.586s] INFO:colcon.colcon_core.shell:Creating prefix util module '/home/rpi5/pincer_ws/src/pincerRover/install/_local_setup_util_sh.py'
[2.587s] INFO:colcon.colcon_core.shell:Creating prefix chain script '/home/rpi5/pincer_ws/src/pincerRover/install/setup.sh'
[2.589s] INFO:colcon.colcon_core.shell:Creating prefix script '/home/rpi5/pincer_ws/src/pincerRover/install/local_setup.bash'
[2.589s] INFO:colcon.colcon_core.shell:Creating prefix chain script '/home/rpi5/pincer_ws/src/pincerRover/install/setup.bash'
[2.591s] INFO:colcon.colcon_core.shell:Creating prefix script '/home/rpi5/pincer_ws/src/pincerRover/install/local_setup.zsh'
[2.591s] INFO:colcon.colcon_core.shell:Creating prefix chain script '/home/rpi5/pincer_ws/src/pincerRover/install/setup.zsh'
