[0.495s] DEBUG:colcon:Command line arguments: ['/usr/bin/colcon', 'build']
[0.495s] DEBUG:colcon:Parsed command line arguments: Namespace(log_base=None, log_level=None, verb_name='build', build_base='build', install_base='install', merge_install=False, symlink_install=False, test_result_base=None, continue_on_error=False, executor='parallel', parallel_workers=12, event_handlers=None, ignore_user_meta=False, metas=['./colcon.meta'], base_paths=['.'], packages_ignore=None, packages_ignore_regex=None, paths=None, packages_up_to=None, packages_up_to_regex=None, packages_above=None, packages_above_and_dependencies=None, packages_above_depth=None, packages_select_by_dep=None, packages_skip_by_dep=None, packages_skip_up_to=None, packages_select_build_failed=False, packages_skip_build_finished=False, packages_select_test_failures=False, packages_skip_test_passed=False, packages_select=None, packages_skip=None, packages_select_regex=None, packages_skip_regex=None, packages_start=None, packages_end=None, allow_overriding=[], cmake_args=None, cmake_target=None, cmake_target_skip_unavailable=False, cmake_clean_cache=False, cmake_clean_first=False, cmake_force_configure=False, ament_cmake_args=None, catkin_cmake_args=None, catkin_skip_building_tests=False, mixin_files=None, mixin=None, verb_parser=<colcon_mixin.mixin.mixin_argument.MixinArgumentDecorator object at 0x7e20bc16ee10>, verb_extension=<colcon_core.verb.build.BuildVerb object at 0x7e20bc16eb70>, main=<bound method BuildVerb.main of <colcon_core.verb.build.BuildVerb object at 0x7e20bc16eb70>>, mixin_verb=('build',))
[0.578s] Level 1:colcon.colcon_core.package_discovery:discover_packages(colcon_meta) check parameters
[0.578s] Level 1:colcon.colcon_core.package_discovery:discover_packages(recursive) check parameters
[0.578s] Level 1:colcon.colcon_core.package_discovery:discover_packages(ignore) check parameters
[0.578s] Level 1:colcon.colcon_core.package_discovery:discover_packages(path) check parameters
[0.578s] Level 1:colcon.colcon_core.package_discovery:discover_packages(colcon_meta) discover
[0.578s] Level 1:colcon.colcon_core.package_discovery:discover_packages(recursive) discover
[0.578s] INFO:colcon.colcon_core.package_discovery:Crawling recursively for packages in '/home/ros2/ros2_ws/src/pincerRover'
[0.579s] Level 1:colcon.colcon_core.package_identification:_identify(.) by extensions ['ignore', 'ignore_ament_install']
[0.579s] Level 1:colcon.colcon_core.package_identification:_identify(.) by extension 'ignore'
[0.579s] Level 1:colcon.colcon_core.package_identification:_identify(.) by extension 'ignore_ament_install'
[0.579s] Level 1:colcon.colcon_core.package_identification:_identify(.) by extensions ['colcon_pkg']
[0.579s] Level 1:colcon.colcon_core.package_identification:_identify(.) by extension 'colcon_pkg'
[0.579s] Level 1:colcon.colcon_core.package_identification:_identify(.) by extensions ['colcon_meta']
[0.579s] Level 1:colcon.colcon_core.package_identification:_identify(.) by extension 'colcon_meta'
[0.579s] Level 1:colcon.colcon_core.package_identification:_identify(.) by extensions ['ros']
[0.579s] Level 1:colcon.colcon_core.package_identification:_identify(.) by extension 'ros'
[0.618s] Level 1:colcon.colcon_core.package_identification:_identify(.) by extensions ['cmake', 'python']
[0.618s] Level 1:colcon.colcon_core.package_identification:_identify(.) by extension 'cmake'
[0.618s] Level 1:colcon.colcon_core.package_identification:_identify(.) by extension 'python'
[0.618s] Level 1:colcon.colcon_core.package_identification:_identify(.) by extensions ['python_setup_py']
[0.618s] Level 1:colcon.colcon_core.package_identification:_identify(.) by extension 'python_setup_py'
[0.618s] Level 1:colcon.colcon_core.package_identification:_identify(bringup) by extensions ['ignore', 'ignore_ament_install']
[0.618s] Level 1:colcon.colcon_core.package_identification:_identify(bringup) by extension 'ignore'
[0.618s] Level 1:colcon.colcon_core.package_identification:_identify(bringup) by extension 'ignore_ament_install'
[0.619s] Level 1:colcon.colcon_core.package_identification:_identify(bringup) by extensions ['colcon_pkg']
[0.619s] Level 1:colcon.colcon_core.package_identification:_identify(bringup) by extension 'colcon_pkg'
[0.619s] Level 1:colcon.colcon_core.package_identification:_identify(bringup) by extensions ['colcon_meta']
[0.619s] Level 1:colcon.colcon_core.package_identification:_identify(bringup) by extension 'colcon_meta'
[0.619s] Level 1:colcon.colcon_core.package_identification:_identify(bringup) by extensions ['ros']
[0.619s] Level 1:colcon.colcon_core.package_identification:_identify(bringup) by extension 'ros'
[0.623s] DEBUG:colcon.colcon_core.package_identification:Package 'bringup' with type 'ros.ament_cmake' and name 'bringup'
[0.623s] Level 1:colcon.colcon_core.package_identification:_identify(build) by extensions ['ignore', 'ignore_ament_install']
[0.623s] Level 1:colcon.colcon_core.package_identification:_identify(build) by extension 'ignore'
[0.623s] Level 1:colcon.colcon_core.package_identification:_identify(build) ignored
[0.623s] Level 1:colcon.colcon_core.package_identification:_identify(description) by extensions ['ignore', 'ignore_ament_install']
[0.623s] Level 1:colcon.colcon_core.package_identification:_identify(description) by extension 'ignore'
[0.623s] Level 1:colcon.colcon_core.package_identification:_identify(description) by extension 'ignore_ament_install'
[0.623s] Level 1:colcon.colcon_core.package_identification:_identify(description) by extensions ['colcon_pkg']
[0.623s] Level 1:colcon.colcon_core.package_identification:_identify(description) by extension 'colcon_pkg'
[0.623s] Level 1:colcon.colcon_core.package_identification:_identify(description) by extensions ['colcon_meta']
[0.623s] Level 1:colcon.colcon_core.package_identification:_identify(description) by extension 'colcon_meta'
[0.623s] Level 1:colcon.colcon_core.package_identification:_identify(description) by extensions ['ros']
[0.623s] Level 1:colcon.colcon_core.package_identification:_identify(description) by extension 'ros'
[0.624s] DEBUG:colcon.colcon_core.package_identification:Package 'description' with type 'ros.ament_cmake' and name 'description'
[0.624s] Level 1:colcon.colcon_core.package_identification:_identify(install) by extensions ['ignore', 'ignore_ament_install']
[0.624s] Level 1:colcon.colcon_core.package_identification:_identify(install) by extension 'ignore'
[0.624s] Level 1:colcon.colcon_core.package_identification:_identify(install) ignored
[0.624s] Level 1:colcon.colcon_core.package_identification:_identify(log) by extensions ['ignore', 'ignore_ament_install']
[0.624s] Level 1:colcon.colcon_core.package_identification:_identify(log) by extension 'ignore'
[0.624s] Level 1:colcon.colcon_core.package_identification:_identify(log) ignored
[0.624s] Level 1:colcon.colcon_core.package_identification:_identify(moveit) by extensions ['ignore', 'ignore_ament_install']
[0.624s] Level 1:colcon.colcon_core.package_identification:_identify(moveit) by extension 'ignore'
[0.624s] Level 1:colcon.colcon_core.package_identification:_identify(moveit) by extension 'ignore_ament_install'
[0.624s] Level 1:colcon.colcon_core.package_identification:_identify(moveit) by extensions ['colcon_pkg']
[0.624s] Level 1:colcon.colcon_core.package_identification:_identify(moveit) by extension 'colcon_pkg'
[0.624s] Level 1:colcon.colcon_core.package_identification:_identify(moveit) by extensions ['colcon_meta']
[0.624s] Level 1:colcon.colcon_core.package_identification:_identify(moveit) by extension 'colcon_meta'
[0.624s] Level 1:colcon.colcon_core.package_identification:_identify(moveit) by extensions ['ros']
[0.624s] Level 1:colcon.colcon_core.package_identification:_identify(moveit) by extension 'ros'
[0.624s] Level 1:colcon.colcon_core.package_identification:_identify(moveit) by extensions ['cmake', 'python']
[0.624s] Level 1:colcon.colcon_core.package_identification:_identify(moveit) by extension 'cmake'
[0.624s] Level 1:colcon.colcon_core.package_identification:_identify(moveit) by extension 'python'
[0.625s] Level 1:colcon.colcon_core.package_identification:_identify(moveit) by extensions ['python_setup_py']
[0.625s] Level 1:colcon.colcon_core.package_identification:_identify(moveit) by extension 'python_setup_py'
[0.625s] Level 1:colcon.colcon_core.package_identification:_identify(moveit/manipulator) by extensions ['ignore', 'ignore_ament_install']
[0.625s] Level 1:colcon.colcon_core.package_identification:_identify(moveit/manipulator) by extension 'ignore'
[0.625s] Level 1:colcon.colcon_core.package_identification:_identify(moveit/manipulator) by extension 'ignore_ament_install'
[0.625s] Level 1:colcon.colcon_core.package_identification:_identify(moveit/manipulator) by extensions ['colcon_pkg']
[0.625s] Level 1:colcon.colcon_core.package_identification:_identify(moveit/manipulator) by extension 'colcon_pkg'
[0.625s] Level 1:colcon.colcon_core.package_identification:_identify(moveit/manipulator) by extensions ['colcon_meta']
[0.625s] Level 1:colcon.colcon_core.package_identification:_identify(moveit/manipulator) by extension 'colcon_meta'
[0.625s] Level 1:colcon.colcon_core.package_identification:_identify(moveit/manipulator) by extensions ['ros']
[0.625s] Level 1:colcon.colcon_core.package_identification:_identify(moveit/manipulator) by extension 'ros'
[0.626s] DEBUG:colcon.colcon_core.package_identification:Package 'moveit/manipulator' with type 'ros.ament_python' and name 'manipulator'
[0.626s] Level 1:colcon.colcon_core.package_identification:_identify(navigation) by extensions ['ignore', 'ignore_ament_install']
[0.626s] Level 1:colcon.colcon_core.package_identification:_identify(navigation) by extension 'ignore'
[0.626s] Level 1:colcon.colcon_core.package_identification:_identify(navigation) by extension 'ignore_ament_install'
[0.626s] Level 1:colcon.colcon_core.package_identification:_identify(navigation) by extensions ['colcon_pkg']
[0.626s] Level 1:colcon.colcon_core.package_identification:_identify(navigation) by extension 'colcon_pkg'
[0.626s] Level 1:colcon.colcon_core.package_identification:_identify(navigation) by extensions ['colcon_meta']
[0.626s] Level 1:colcon.colcon_core.package_identification:_identify(navigation) by extension 'colcon_meta'
[0.626s] Level 1:colcon.colcon_core.package_identification:_identify(navigation) by extensions ['ros']
[0.626s] Level 1:colcon.colcon_core.package_identification:_identify(navigation) by extension 'ros'
[0.626s] Level 1:colcon.colcon_core.package_identification:_identify(navigation) by extensions ['cmake', 'python']
[0.626s] Level 1:colcon.colcon_core.package_identification:_identify(navigation) by extension 'cmake'
[0.626s] Level 1:colcon.colcon_core.package_identification:_identify(navigation) by extension 'python'
[0.626s] Level 1:colcon.colcon_core.package_identification:_identify(navigation) by extensions ['python_setup_py']
[0.626s] Level 1:colcon.colcon_core.package_identification:_identify(navigation) by extension 'python_setup_py'
[0.626s] Level 1:colcon.colcon_core.package_identification:_identify(perception) by extensions ['ignore', 'ignore_ament_install']
[0.626s] Level 1:colcon.colcon_core.package_identification:_identify(perception) by extension 'ignore'
[0.626s] Level 1:colcon.colcon_core.package_identification:_identify(perception) by extension 'ignore_ament_install'
[0.626s] Level 1:colcon.colcon_core.package_identification:_identify(perception) by extensions ['colcon_pkg']
[0.626s] Level 1:colcon.colcon_core.package_identification:_identify(perception) by extension 'colcon_pkg'
[0.626s] Level 1:colcon.colcon_core.package_identification:_identify(perception) by extensions ['colcon_meta']
[0.626s] Level 1:colcon.colcon_core.package_identification:_identify(perception) by extension 'colcon_meta'
[0.627s] Level 1:colcon.colcon_core.package_identification:_identify(perception) by extensions ['ros']
[0.627s] Level 1:colcon.colcon_core.package_identification:_identify(perception) by extension 'ros'
[0.627s] Level 1:colcon.colcon_core.package_identification:_identify(perception) by extensions ['cmake', 'python']
[0.627s] Level 1:colcon.colcon_core.package_identification:_identify(perception) by extension 'cmake'
[0.627s] Level 1:colcon.colcon_core.package_identification:_identify(perception) by extension 'python'
[0.627s] Level 1:colcon.colcon_core.package_identification:_identify(perception) by extensions ['python_setup_py']
[0.627s] Level 1:colcon.colcon_core.package_identification:_identify(perception) by extension 'python_setup_py'
[0.627s] Level 1:colcon.colcon_core.package_identification:_identify(slam) by extensions ['ignore', 'ignore_ament_install']
[0.627s] Level 1:colcon.colcon_core.package_identification:_identify(slam) by extension 'ignore'
[0.627s] Level 1:colcon.colcon_core.package_identification:_identify(slam) by extension 'ignore_ament_install'
[0.627s] Level 1:colcon.colcon_core.package_identification:_identify(slam) by extensions ['colcon_pkg']
[0.627s] Level 1:colcon.colcon_core.package_identification:_identify(slam) by extension 'colcon_pkg'
[0.627s] Level 1:colcon.colcon_core.package_identification:_identify(slam) by extensions ['colcon_meta']
[0.627s] Level 1:colcon.colcon_core.package_identification:_identify(slam) by extension 'colcon_meta'
[0.627s] Level 1:colcon.colcon_core.package_identification:_identify(slam) by extensions ['ros']
[0.627s] Level 1:colcon.colcon_core.package_identification:_identify(slam) by extension 'ros'
[0.627s] Level 1:colcon.colcon_core.package_identification:_identify(slam) by extensions ['cmake', 'python']
[0.627s] Level 1:colcon.colcon_core.package_identification:_identify(slam) by extension 'cmake'
[0.627s] Level 1:colcon.colcon_core.package_identification:_identify(slam) by extension 'python'
[0.627s] Level 1:colcon.colcon_core.package_identification:_identify(slam) by extensions ['python_setup_py']
[0.627s] Level 1:colcon.colcon_core.package_identification:_identify(slam) by extension 'python_setup_py'
[0.627s] Level 1:colcon.colcon_core.package_identification:_identify(slam/config) by extensions ['ignore', 'ignore_ament_install']
[0.627s] Level 1:colcon.colcon_core.package_identification:_identify(slam/config) by extension 'ignore'
[0.627s] Level 1:colcon.colcon_core.package_identification:_identify(slam/config) by extension 'ignore_ament_install'
[0.628s] Level 1:colcon.colcon_core.package_identification:_identify(slam/config) by extensions ['colcon_pkg']
[0.628s] Level 1:colcon.colcon_core.package_identification:_identify(slam/config) by extension 'colcon_pkg'
[0.628s] Level 1:colcon.colcon_core.package_identification:_identify(slam/config) by extensions ['colcon_meta']
[0.628s] Level 1:colcon.colcon_core.package_identification:_identify(slam/config) by extension 'colcon_meta'
[0.628s] Level 1:colcon.colcon_core.package_identification:_identify(slam/config) by extensions ['ros']
[0.628s] Level 1:colcon.colcon_core.package_identification:_identify(slam/config) by extension 'ros'
[0.628s] Level 1:colcon.colcon_core.package_identification:_identify(slam/config) by extensions ['cmake', 'python']
[0.628s] Level 1:colcon.colcon_core.package_identification:_identify(slam/config) by extension 'cmake'
[0.628s] Level 1:colcon.colcon_core.package_identification:_identify(slam/config) by extension 'python'
[0.628s] Level 1:colcon.colcon_core.package_identification:_identify(slam/config) by extensions ['python_setup_py']
[0.628s] Level 1:colcon.colcon_core.package_identification:_identify(slam/config) by extension 'python_setup_py'
[0.628s] Level 1:colcon.colcon_core.package_identification:_identify(slam/launch) by extensions ['ignore', 'ignore_ament_install']
[0.628s] Level 1:colcon.colcon_core.package_identification:_identify(slam/launch) by extension 'ignore'
[0.628s] Level 1:colcon.colcon_core.package_identification:_identify(slam/launch) by extension 'ignore_ament_install'
[0.628s] Level 1:colcon.colcon_core.package_identification:_identify(slam/launch) by extensions ['colcon_pkg']
[0.628s] Level 1:colcon.colcon_core.package_identification:_identify(slam/launch) by extension 'colcon_pkg'
[0.628s] Level 1:colcon.colcon_core.package_identification:_identify(slam/launch) by extensions ['colcon_meta']
[0.628s] Level 1:colcon.colcon_core.package_identification:_identify(slam/launch) by extension 'colcon_meta'
[0.628s] Level 1:colcon.colcon_core.package_identification:_identify(slam/launch) by extensions ['ros']
[0.628s] Level 1:colcon.colcon_core.package_identification:_identify(slam/launch) by extension 'ros'
[0.628s] Level 1:colcon.colcon_core.package_identification:_identify(slam/launch) by extensions ['cmake', 'python']
[0.628s] Level 1:colcon.colcon_core.package_identification:_identify(slam/launch) by extension 'cmake'
[0.628s] Level 1:colcon.colcon_core.package_identification:_identify(slam/launch) by extension 'python'
[0.628s] Level 1:colcon.colcon_core.package_identification:_identify(slam/launch) by extensions ['python_setup_py']
[0.628s] Level 1:colcon.colcon_core.package_identification:_identify(slam/launch) by extension 'python_setup_py'
[0.628s] Level 1:colcon.colcon_core.package_identification:_identify(systems) by extensions ['ignore', 'ignore_ament_install']
[0.629s] Level 1:colcon.colcon_core.package_identification:_identify(systems) by extension 'ignore'
[0.629s] Level 1:colcon.colcon_core.package_identification:_identify(systems) by extension 'ignore_ament_install'
[0.629s] Level 1:colcon.colcon_core.package_identification:_identify(systems) by extensions ['colcon_pkg']
[0.629s] Level 1:colcon.colcon_core.package_identification:_identify(systems) by extension 'colcon_pkg'
[0.629s] Level 1:colcon.colcon_core.package_identification:_identify(systems) by extensions ['colcon_meta']
[0.629s] Level 1:colcon.colcon_core.package_identification:_identify(systems) by extension 'colcon_meta'
[0.629s] Level 1:colcon.colcon_core.package_identification:_identify(systems) by extensions ['ros']
[0.629s] Level 1:colcon.colcon_core.package_identification:_identify(systems) by extension 'ros'
[0.629s] Level 1:colcon.colcon_core.package_identification:_identify(systems) by extensions ['cmake', 'python']
[0.629s] Level 1:colcon.colcon_core.package_identification:_identify(systems) by extension 'cmake'
[0.629s] Level 1:colcon.colcon_core.package_identification:_identify(systems) by extension 'python'
[0.629s] Level 1:colcon.colcon_core.package_identification:_identify(systems) by extensions ['python_setup_py']
[0.629s] Level 1:colcon.colcon_core.package_identification:_identify(systems) by extension 'python_setup_py'
[0.629s] Level 1:colcon.colcon_core.package_identification:_identify(systems/esp32_drivers) by extensions ['ignore', 'ignore_ament_install']
[0.629s] Level 1:colcon.colcon_core.package_identification:_identify(systems/esp32_drivers) by extension 'ignore'
[0.629s] Level 1:colcon.colcon_core.package_identification:_identify(systems/esp32_drivers) by extension 'ignore_ament_install'
[0.629s] Level 1:colcon.colcon_core.package_identification:_identify(systems/esp32_drivers) by extensions ['colcon_pkg']
[0.629s] Level 1:colcon.colcon_core.package_identification:_identify(systems/esp32_drivers) by extension 'colcon_pkg'
[0.629s] Level 1:colcon.colcon_core.package_identification:_identify(systems/esp32_drivers) by extensions ['colcon_meta']
[0.629s] Level 1:colcon.colcon_core.package_identification:_identify(systems/esp32_drivers) by extension 'colcon_meta'
[0.629s] Level 1:colcon.colcon_core.package_identification:_identify(systems/esp32_drivers) by extensions ['ros']
[0.629s] Level 1:colcon.colcon_core.package_identification:_identify(systems/esp32_drivers) by extension 'ros'
[0.630s] Level 1:colcon.colcon_core.package_identification:_identify(systems/esp32_drivers) by extensions ['cmake', 'python']
[0.630s] Level 1:colcon.colcon_core.package_identification:_identify(systems/esp32_drivers) by extension 'cmake'
[0.630s] Level 1:colcon.colcon_core.package_identification:_identify(systems/esp32_drivers) by extension 'python'
[0.630s] Level 1:colcon.colcon_core.package_identification:_identify(systems/esp32_drivers) by extensions ['python_setup_py']
[0.630s] Level 1:colcon.colcon_core.package_identification:_identify(systems/esp32_drivers) by extension 'python_setup_py'
[0.630s] Level 1:colcon.colcon_core.package_identification:_identify(systems/esp32_drivers/adc_ads115_i2c) by extensions ['ignore', 'ignore_ament_install']
[0.630s] Level 1:colcon.colcon_core.package_identification:_identify(systems/esp32_drivers/adc_ads115_i2c) by extension 'ignore'
[0.630s] Level 1:colcon.colcon_core.package_identification:_identify(systems/esp32_drivers/adc_ads115_i2c) by extension 'ignore_ament_install'
[0.630s] Level 1:colcon.colcon_core.package_identification:_identify(systems/esp32_drivers/adc_ads115_i2c) by extensions ['colcon_pkg']
[0.630s] Level 1:colcon.colcon_core.package_identification:_identify(systems/esp32_drivers/adc_ads115_i2c) by extension 'colcon_pkg'
[0.630s] Level 1:colcon.colcon_core.package_identification:_identify(systems/esp32_drivers/adc_ads115_i2c) by extensions ['colcon_meta']
[0.630s] Level 1:colcon.colcon_core.package_identification:_identify(systems/esp32_drivers/adc_ads115_i2c) by extension 'colcon_meta'
[0.630s] Level 1:colcon.colcon_core.package_identification:_identify(systems/esp32_drivers/adc_ads115_i2c) by extensions ['ros']
[0.630s] Level 1:colcon.colcon_core.package_identification:_identify(systems/esp32_drivers/adc_ads115_i2c) by extension 'ros'
[0.630s] Level 1:colcon.colcon_core.package_identification:_identify(systems/esp32_drivers/adc_ads115_i2c) by extensions ['cmake', 'python']
[0.630s] Level 1:colcon.colcon_core.package_identification:_identify(systems/esp32_drivers/adc_ads115_i2c) by extension 'cmake'
[0.630s] Level 1:colcon.colcon_core.package_identification:_identify(systems/esp32_drivers/adc_ads115_i2c) by extension 'python'
[0.630s] Level 1:colcon.colcon_core.package_identification:_identify(systems/esp32_drivers/adc_ads115_i2c) by extensions ['python_setup_py']
[0.630s] Level 1:colcon.colcon_core.package_identification:_identify(systems/esp32_drivers/adc_ads115_i2c) by extension 'python_setup_py'
[0.630s] Level 1:colcon.colcon_core.package_identification:_identify(systems/esp32_drivers/imu_mpu6886_i2c) by extensions ['ignore', 'ignore_ament_install']
[0.630s] Level 1:colcon.colcon_core.package_identification:_identify(systems/esp32_drivers/imu_mpu6886_i2c) by extension 'ignore'
[0.630s] Level 1:colcon.colcon_core.package_identification:_identify(systems/esp32_drivers/imu_mpu6886_i2c) by extension 'ignore_ament_install'
[0.630s] Level 1:colcon.colcon_core.package_identification:_identify(systems/esp32_drivers/imu_mpu6886_i2c) by extensions ['colcon_pkg']
[0.630s] Level 1:colcon.colcon_core.package_identification:_identify(systems/esp32_drivers/imu_mpu6886_i2c) by extension 'colcon_pkg'
[0.631s] Level 1:colcon.colcon_core.package_identification:_identify(systems/esp32_drivers/imu_mpu6886_i2c) by extensions ['colcon_meta']
[0.631s] Level 1:colcon.colcon_core.package_identification:_identify(systems/esp32_drivers/imu_mpu6886_i2c) by extension 'colcon_meta'
[0.631s] Level 1:colcon.colcon_core.package_identification:_identify(systems/esp32_drivers/imu_mpu6886_i2c) by extensions ['ros']
[0.631s] Level 1:colcon.colcon_core.package_identification:_identify(systems/esp32_drivers/imu_mpu6886_i2c) by extension 'ros'
[0.631s] Level 1:colcon.colcon_core.package_identification:_identify(systems/esp32_drivers/imu_mpu6886_i2c) by extensions ['cmake', 'python']
[0.631s] Level 1:colcon.colcon_core.package_identification:_identify(systems/esp32_drivers/imu_mpu6886_i2c) by extension 'cmake'
[0.631s] Level 1:colcon.colcon_core.package_identification:_identify(systems/esp32_drivers/imu_mpu6886_i2c) by extension 'python'
[0.631s] Level 1:colcon.colcon_core.package_identification:_identify(systems/esp32_drivers/imu_mpu6886_i2c) by extensions ['python_setup_py']
[0.631s] Level 1:colcon.colcon_core.package_identification:_identify(systems/esp32_drivers/imu_mpu6886_i2c) by extension 'python_setup_py'
[0.631s] Level 1:colcon.colcon_core.package_identification:_identify(systems/esp32_drivers/motors_i2c) by extensions ['ignore', 'ignore_ament_install']
[0.631s] Level 1:colcon.colcon_core.package_identification:_identify(systems/esp32_drivers/motors_i2c) by extension 'ignore'
[0.631s] Level 1:colcon.colcon_core.package_identification:_identify(systems/esp32_drivers/motors_i2c) by extension 'ignore_ament_install'
[0.631s] Level 1:colcon.colcon_core.package_identification:_identify(systems/esp32_drivers/motors_i2c) by extensions ['colcon_pkg']
[0.631s] Level 1:colcon.colcon_core.package_identification:_identify(systems/esp32_drivers/motors_i2c) by extension 'colcon_pkg'
[0.631s] Level 1:colcon.colcon_core.package_identification:_identify(systems/esp32_drivers/motors_i2c) by extensions ['colcon_meta']
[0.631s] Level 1:colcon.colcon_core.package_identification:_identify(systems/esp32_drivers/motors_i2c) by extension 'colcon_meta'
[0.631s] Level 1:colcon.colcon_core.package_identification:_identify(systems/esp32_drivers/motors_i2c) by extensions ['ros']
[0.631s] Level 1:colcon.colcon_core.package_identification:_identify(systems/esp32_drivers/motors_i2c) by extension 'ros'
[0.631s] Level 1:colcon.colcon_core.package_identification:_identify(systems/esp32_drivers/motors_i2c) by extensions ['cmake', 'python']
[0.631s] Level 1:colcon.colcon_core.package_identification:_identify(systems/esp32_drivers/motors_i2c) by extension 'cmake'
[0.631s] Level 1:colcon.colcon_core.package_identification:_identify(systems/esp32_drivers/motors_i2c) by extension 'python'
[0.631s] Level 1:colcon.colcon_core.package_identification:_identify(systems/esp32_drivers/motors_i2c) by extensions ['python_setup_py']
[0.631s] Level 1:colcon.colcon_core.package_identification:_identify(systems/esp32_drivers/motors_i2c) by extension 'python_setup_py'
[0.632s] Level 1:colcon.colcon_core.package_identification:_identify(systems/esp32_drivers/servo_driver_pca9685_i2c) by extensions ['ignore', 'ignore_ament_install']
[0.632s] Level 1:colcon.colcon_core.package_identification:_identify(systems/esp32_drivers/servo_driver_pca9685_i2c) by extension 'ignore'
[0.632s] Level 1:colcon.colcon_core.package_identification:_identify(systems/esp32_drivers/servo_driver_pca9685_i2c) by extension 'ignore_ament_install'
[0.632s] Level 1:colcon.colcon_core.package_identification:_identify(systems/esp32_drivers/servo_driver_pca9685_i2c) by extensions ['colcon_pkg']
[0.632s] Level 1:colcon.colcon_core.package_identification:_identify(systems/esp32_drivers/servo_driver_pca9685_i2c) by extension 'colcon_pkg'
[0.632s] Level 1:colcon.colcon_core.package_identification:_identify(systems/esp32_drivers/servo_driver_pca9685_i2c) by extensions ['colcon_meta']
[0.632s] Level 1:colcon.colcon_core.package_identification:_identify(systems/esp32_drivers/servo_driver_pca9685_i2c) by extension 'colcon_meta'
[0.632s] Level 1:colcon.colcon_core.package_identification:_identify(systems/esp32_drivers/servo_driver_pca9685_i2c) by extensions ['ros']
[0.632s] Level 1:colcon.colcon_core.package_identification:_identify(systems/esp32_drivers/servo_driver_pca9685_i2c) by extension 'ros'
[0.632s] Level 1:colcon.colcon_core.package_identification:_identify(systems/esp32_drivers/servo_driver_pca9685_i2c) by extensions ['cmake', 'python']
[0.632s] Level 1:colcon.colcon_core.package_identification:_identify(systems/esp32_drivers/servo_driver_pca9685_i2c) by extension 'cmake'
[0.632s] Level 1:colcon.colcon_core.package_identification:_identify(systems/esp32_drivers/servo_driver_pca9685_i2c) by extension 'python'
[0.632s] Level 1:colcon.colcon_core.package_identification:_identify(systems/esp32_drivers/servo_driver_pca9685_i2c) by extensions ['python_setup_py']
[0.632s] Level 1:colcon.colcon_core.package_identification:_identify(systems/esp32_drivers/servo_driver_pca9685_i2c) by extension 'python_setup_py'
[0.632s] Level 1:colcon.colcon_core.package_identification:_identify(systems/esp32_drivers/wheel_encoder_i2c) by extensions ['ignore', 'ignore_ament_install']
[0.632s] Level 1:colcon.colcon_core.package_identification:_identify(systems/esp32_drivers/wheel_encoder_i2c) by extension 'ignore'
[0.632s] Level 1:colcon.colcon_core.package_identification:_identify(systems/esp32_drivers/wheel_encoder_i2c) by extension 'ignore_ament_install'
[0.632s] Level 1:colcon.colcon_core.package_identification:_identify(systems/esp32_drivers/wheel_encoder_i2c) by extensions ['colcon_pkg']
[0.632s] Level 1:colcon.colcon_core.package_identification:_identify(systems/esp32_drivers/wheel_encoder_i2c) by extension 'colcon_pkg'
[0.632s] Level 1:colcon.colcon_core.package_identification:_identify(systems/esp32_drivers/wheel_encoder_i2c) by extensions ['colcon_meta']
[0.632s] Level 1:colcon.colcon_core.package_identification:_identify(systems/esp32_drivers/wheel_encoder_i2c) by extension 'colcon_meta'
[0.632s] Level 1:colcon.colcon_core.package_identification:_identify(systems/esp32_drivers/wheel_encoder_i2c) by extensions ['ros']
[0.632s] Level 1:colcon.colcon_core.package_identification:_identify(systems/esp32_drivers/wheel_encoder_i2c) by extension 'ros'
[0.632s] Level 1:colcon.colcon_core.package_identification:_identify(systems/esp32_drivers/wheel_encoder_i2c) by extensions ['cmake', 'python']
[0.632s] Level 1:colcon.colcon_core.package_identification:_identify(systems/esp32_drivers/wheel_encoder_i2c) by extension 'cmake'
[0.633s] Level 1:colcon.colcon_core.package_identification:_identify(systems/esp32_drivers/wheel_encoder_i2c) by extension 'python'
[0.633s] Level 1:colcon.colcon_core.package_identification:_identify(systems/esp32_drivers/wheel_encoder_i2c) by extensions ['python_setup_py']
[0.633s] Level 1:colcon.colcon_core.package_identification:_identify(systems/esp32_drivers/wheel_encoder_i2c) by extension 'python_setup_py'
[0.633s] Level 1:colcon.colcon_core.package_identification:_identify(systems/kinematics) by extensions ['ignore', 'ignore_ament_install']
[0.633s] Level 1:colcon.colcon_core.package_identification:_identify(systems/kinematics) by extension 'ignore'
[0.633s] Level 1:colcon.colcon_core.package_identification:_identify(systems/kinematics) by extension 'ignore_ament_install'
[0.633s] Level 1:colcon.colcon_core.package_identification:_identify(systems/kinematics) by extensions ['colcon_pkg']
[0.633s] Level 1:colcon.colcon_core.package_identification:_identify(systems/kinematics) by extension 'colcon_pkg'
[0.633s] Level 1:colcon.colcon_core.package_identification:_identify(systems/kinematics) by extensions ['colcon_meta']
[0.633s] Level 1:colcon.colcon_core.package_identification:_identify(systems/kinematics) by extension 'colcon_meta'
[0.633s] Level 1:colcon.colcon_core.package_identification:_identify(systems/kinematics) by extensions ['ros']
[0.633s] Level 1:colcon.colcon_core.package_identification:_identify(systems/kinematics) by extension 'ros'
[0.633s] Level 1:colcon.colcon_core.package_identification:_identify(systems/kinematics) by extensions ['cmake', 'python']
[0.633s] Level 1:colcon.colcon_core.package_identification:_identify(systems/kinematics) by extension 'cmake'
[0.633s] Level 1:colcon.colcon_core.package_identification:_identify(systems/kinematics) by extension 'python'
[0.633s] Level 1:colcon.colcon_core.package_identification:_identify(systems/kinematics) by extensions ['python_setup_py']
[0.633s] Level 1:colcon.colcon_core.package_identification:_identify(systems/kinematics) by extension 'python_setup_py'
[0.633s] Level 1:colcon.colcon_core.package_identification:_identify(systems/kinematics/ackermann) by extensions ['ignore', 'ignore_ament_install']
[0.633s] Level 1:colcon.colcon_core.package_identification:_identify(systems/kinematics/ackermann) by extension 'ignore'
[0.633s] Level 1:colcon.colcon_core.package_identification:_identify(systems/kinematics/ackermann) by extension 'ignore_ament_install'
[0.633s] Level 1:colcon.colcon_core.package_identification:_identify(systems/kinematics/ackermann) by extensions ['colcon_pkg']
[0.633s] Level 1:colcon.colcon_core.package_identification:_identify(systems/kinematics/ackermann) by extension 'colcon_pkg'
[0.634s] Level 1:colcon.colcon_core.package_identification:_identify(systems/kinematics/ackermann) by extensions ['colcon_meta']
[0.634s] Level 1:colcon.colcon_core.package_identification:_identify(systems/kinematics/ackermann) by extension 'colcon_meta'
[0.634s] Level 1:colcon.colcon_core.package_identification:_identify(systems/kinematics/ackermann) by extensions ['ros']
[0.634s] Level 1:colcon.colcon_core.package_identification:_identify(systems/kinematics/ackermann) by extension 'ros'
[0.634s] Level 1:colcon.colcon_core.package_identification:_identify(systems/kinematics/ackermann) by extensions ['cmake', 'python']
[0.634s] Level 1:colcon.colcon_core.package_identification:_identify(systems/kinematics/ackermann) by extension 'cmake'
[0.634s] Level 1:colcon.colcon_core.package_identification:_identify(systems/kinematics/ackermann) by extension 'python'
[0.634s] Level 1:colcon.colcon_core.package_identification:_identify(systems/kinematics/ackermann) by extensions ['python_setup_py']
[0.634s] Level 1:colcon.colcon_core.package_identification:_identify(systems/kinematics/ackermann) by extension 'python_setup_py'
[0.634s] Level 1:colcon.colcon_core.package_identification:_identify(systems/kinematics/differential) by extensions ['ignore', 'ignore_ament_install']
[0.634s] Level 1:colcon.colcon_core.package_identification:_identify(systems/kinematics/differential) by extension 'ignore'
[0.634s] Level 1:colcon.colcon_core.package_identification:_identify(systems/kinematics/differential) by extension 'ignore_ament_install'
[0.634s] Level 1:colcon.colcon_core.package_identification:_identify(systems/kinematics/differential) by extensions ['colcon_pkg']
[0.634s] Level 1:colcon.colcon_core.package_identification:_identify(systems/kinematics/differential) by extension 'colcon_pkg'
[0.634s] Level 1:colcon.colcon_core.package_identification:_identify(systems/kinematics/differential) by extensions ['colcon_meta']
[0.634s] Level 1:colcon.colcon_core.package_identification:_identify(systems/kinematics/differential) by extension 'colcon_meta'
[0.634s] Level 1:colcon.colcon_core.package_identification:_identify(systems/kinematics/differential) by extensions ['ros']
[0.634s] Level 1:colcon.colcon_core.package_identification:_identify(systems/kinematics/differential) by extension 'ros'
[0.634s] Level 1:colcon.colcon_core.package_identification:_identify(systems/kinematics/differential) by extensions ['cmake', 'python']
[0.634s] Level 1:colcon.colcon_core.package_identification:_identify(systems/kinematics/differential) by extension 'cmake'
[0.634s] Level 1:colcon.colcon_core.package_identification:_identify(systems/kinematics/differential) by extension 'python'
[0.634s] Level 1:colcon.colcon_core.package_identification:_identify(systems/kinematics/differential) by extensions ['python_setup_py']
[0.634s] Level 1:colcon.colcon_core.package_identification:_identify(systems/kinematics/differential) by extension 'python_setup_py'
[0.634s] Level 1:colcon.colcon_core.package_identification:_identify(systems/ros2_drivers) by extensions ['ignore', 'ignore_ament_install']
[0.635s] Level 1:colcon.colcon_core.package_identification:_identify(systems/ros2_drivers) by extension 'ignore'
[0.635s] Level 1:colcon.colcon_core.package_identification:_identify(systems/ros2_drivers) by extension 'ignore_ament_install'
[0.635s] Level 1:colcon.colcon_core.package_identification:_identify(systems/ros2_drivers) by extensions ['colcon_pkg']
[0.635s] Level 1:colcon.colcon_core.package_identification:_identify(systems/ros2_drivers) by extension 'colcon_pkg'
[0.635s] Level 1:colcon.colcon_core.package_identification:_identify(systems/ros2_drivers) by extensions ['colcon_meta']
[0.635s] Level 1:colcon.colcon_core.package_identification:_identify(systems/ros2_drivers) by extension 'colcon_meta'
[0.635s] Level 1:colcon.colcon_core.package_identification:_identify(systems/ros2_drivers) by extensions ['ros']
[0.635s] Level 1:colcon.colcon_core.package_identification:_identify(systems/ros2_drivers) by extension 'ros'
[0.635s] Level 1:colcon.colcon_core.package_identification:_identify(systems/ros2_drivers) by extensions ['cmake', 'python']
[0.635s] Level 1:colcon.colcon_core.package_identification:_identify(systems/ros2_drivers) by extension 'cmake'
[0.635s] Level 1:colcon.colcon_core.package_identification:_identify(systems/ros2_drivers) by extension 'python'
[0.635s] Level 1:colcon.colcon_core.package_identification:_identify(systems/ros2_drivers) by extensions ['python_setup_py']
[0.635s] Level 1:colcon.colcon_core.package_identification:_identify(systems/ros2_drivers) by extension 'python_setup_py'
[0.635s] Level 1:colcon.colcon_core.package_identification:_identify(systems/ros2_drivers/ackermann_drive) by extensions ['ignore', 'ignore_ament_install']
[0.635s] Level 1:colcon.colcon_core.package_identification:_identify(systems/ros2_drivers/ackermann_drive) by extension 'ignore'
[0.635s] Level 1:colcon.colcon_core.package_identification:_identify(systems/ros2_drivers/ackermann_drive) by extension 'ignore_ament_install'
[0.635s] Level 1:colcon.colcon_core.package_identification:_identify(systems/ros2_drivers/ackermann_drive) by extensions ['colcon_pkg']
[0.635s] Level 1:colcon.colcon_core.package_identification:_identify(systems/ros2_drivers/ackermann_drive) by extension 'colcon_pkg'
[0.635s] Level 1:colcon.colcon_core.package_identification:_identify(systems/ros2_drivers/ackermann_drive) by extensions ['colcon_meta']
[0.635s] Level 1:colcon.colcon_core.package_identification:_identify(systems/ros2_drivers/ackermann_drive) by extension 'colcon_meta'
[0.635s] Level 1:colcon.colcon_core.package_identification:_identify(systems/ros2_drivers/ackermann_drive) by extensions ['ros']
[0.635s] Level 1:colcon.colcon_core.package_identification:_identify(systems/ros2_drivers/ackermann_drive) by extension 'ros'
[0.636s] DEBUG:colcon.colcon_core.package_identification:Package 'systems/ros2_drivers/ackermann_drive' with type 'ros.ament_python' and name 'ackermann_drive'
[0.636s] Level 1:colcon.colcon_core.package_identification:_identify(systems/ros2_drivers/ackermann_drive_odom) by extensions ['ignore', 'ignore_ament_install']
[0.636s] Level 1:colcon.colcon_core.package_identification:_identify(systems/ros2_drivers/ackermann_drive_odom) by extension 'ignore'
[0.636s] Level 1:colcon.colcon_core.package_identification:_identify(systems/ros2_drivers/ackermann_drive_odom) by extension 'ignore_ament_install'
[0.637s] Level 1:colcon.colcon_core.package_identification:_identify(systems/ros2_drivers/ackermann_drive_odom) by extensions ['colcon_pkg']
[0.637s] Level 1:colcon.colcon_core.package_identification:_identify(systems/ros2_drivers/ackermann_drive_odom) by extension 'colcon_pkg'
[0.637s] Level 1:colcon.colcon_core.package_identification:_identify(systems/ros2_drivers/ackermann_drive_odom) by extensions ['colcon_meta']
[0.637s] Level 1:colcon.colcon_core.package_identification:_identify(systems/ros2_drivers/ackermann_drive_odom) by extension 'colcon_meta'
[0.637s] Level 1:colcon.colcon_core.package_identification:_identify(systems/ros2_drivers/ackermann_drive_odom) by extensions ['ros']
[0.637s] Level 1:colcon.colcon_core.package_identification:_identify(systems/ros2_drivers/ackermann_drive_odom) by extension 'ros'
[0.637s] DEBUG:colcon.colcon_core.package_identification:Package 'systems/ros2_drivers/ackermann_drive_odom' with type 'ros.ament_python' and name 'ackermann_drive_odom'
[0.637s] Level 1:colcon.colcon_core.package_identification:_identify(systems/ros2_drivers/mpu6886) by extensions ['ignore', 'ignore_ament_install']
[0.637s] Level 1:colcon.colcon_core.package_identification:_identify(systems/ros2_drivers/mpu6886) by extension 'ignore'
[0.637s] Level 1:colcon.colcon_core.package_identification:_identify(systems/ros2_drivers/mpu6886) by extension 'ignore_ament_install'
[0.637s] Level 1:colcon.colcon_core.package_identification:_identify(systems/ros2_drivers/mpu6886) by extensions ['colcon_pkg']
[0.638s] Level 1:colcon.colcon_core.package_identification:_identify(systems/ros2_drivers/mpu6886) by extension 'colcon_pkg'
[0.638s] Level 1:colcon.colcon_core.package_identification:_identify(systems/ros2_drivers/mpu6886) by extensions ['colcon_meta']
[0.638s] Level 1:colcon.colcon_core.package_identification:_identify(systems/ros2_drivers/mpu6886) by extension 'colcon_meta'
[0.638s] Level 1:colcon.colcon_core.package_identification:_identify(systems/ros2_drivers/mpu6886) by extensions ['ros']
[0.638s] Level 1:colcon.colcon_core.package_identification:_identify(systems/ros2_drivers/mpu6886) by extension 'ros'
[0.638s] DEBUG:colcon.colcon_core.package_identification:Package 'systems/ros2_drivers/mpu6886' with type 'ros.ament_python' and name 'mpu6886'
[0.638s] Level 1:colcon.colcon_core.package_identification:_identify(systems/safety) by extensions ['ignore', 'ignore_ament_install']
[0.638s] Level 1:colcon.colcon_core.package_identification:_identify(systems/safety) by extension 'ignore'
[0.638s] Level 1:colcon.colcon_core.package_identification:_identify(systems/safety) by extension 'ignore_ament_install'
[0.638s] Level 1:colcon.colcon_core.package_identification:_identify(systems/safety) by extensions ['colcon_pkg']
[0.639s] Level 1:colcon.colcon_core.package_identification:_identify(systems/safety) by extension 'colcon_pkg'
[0.639s] Level 1:colcon.colcon_core.package_identification:_identify(systems/safety) by extensions ['colcon_meta']
[0.639s] Level 1:colcon.colcon_core.package_identification:_identify(systems/safety) by extension 'colcon_meta'
[0.639s] Level 1:colcon.colcon_core.package_identification:_identify(systems/safety) by extensions ['ros']
[0.639s] Level 1:colcon.colcon_core.package_identification:_identify(systems/safety) by extension 'ros'
[0.639s] Level 1:colcon.colcon_core.package_identification:_identify(systems/safety) by extensions ['cmake', 'python']
[0.639s] Level 1:colcon.colcon_core.package_identification:_identify(systems/safety) by extension 'cmake'
[0.639s] Level 1:colcon.colcon_core.package_identification:_identify(systems/safety) by extension 'python'
[0.639s] Level 1:colcon.colcon_core.package_identification:_identify(systems/safety) by extensions ['python_setup_py']
[0.639s] Level 1:colcon.colcon_core.package_identification:_identify(systems/safety) by extension 'python_setup_py'
[0.639s] Level 1:colcon.colcon_core.package_identification:_identify(systems/safety/safety_field) by extensions ['ignore', 'ignore_ament_install']
[0.639s] Level 1:colcon.colcon_core.package_identification:_identify(systems/safety/safety_field) by extension 'ignore'
[0.639s] Level 1:colcon.colcon_core.package_identification:_identify(systems/safety/safety_field) by extension 'ignore_ament_install'
[0.639s] Level 1:colcon.colcon_core.package_identification:_identify(systems/safety/safety_field) by extensions ['colcon_pkg']
[0.639s] Level 1:colcon.colcon_core.package_identification:_identify(systems/safety/safety_field) by extension 'colcon_pkg'
[0.639s] Level 1:colcon.colcon_core.package_identification:_identify(systems/safety/safety_field) by extensions ['colcon_meta']
[0.639s] Level 1:colcon.colcon_core.package_identification:_identify(systems/safety/safety_field) by extension 'colcon_meta'
[0.639s] Level 1:colcon.colcon_core.package_identification:_identify(systems/safety/safety_field) by extensions ['ros']
[0.639s] Level 1:colcon.colcon_core.package_identification:_identify(systems/safety/safety_field) by extension 'ros'
[0.639s] DEBUG:colcon.colcon_core.package_identification:Package 'systems/safety/safety_field' with type 'ros.ament_python' and name 'safety_field'
[0.640s] Level 1:colcon.colcon_core.package_identification:_identify(testfiles) by extensions ['ignore', 'ignore_ament_install']
[0.640s] Level 1:colcon.colcon_core.package_identification:_identify(testfiles) by extension 'ignore'
[0.640s] Level 1:colcon.colcon_core.package_identification:_identify(testfiles) by extension 'ignore_ament_install'
[0.640s] Level 1:colcon.colcon_core.package_identification:_identify(testfiles) by extensions ['colcon_pkg']
[0.640s] Level 1:colcon.colcon_core.package_identification:_identify(testfiles) by extension 'colcon_pkg'
[0.640s] Level 1:colcon.colcon_core.package_identification:_identify(testfiles) by extensions ['colcon_meta']
[0.640s] Level 1:colcon.colcon_core.package_identification:_identify(testfiles) by extension 'colcon_meta'
[0.640s] Level 1:colcon.colcon_core.package_identification:_identify(testfiles) by extensions ['ros']
[0.640s] Level 1:colcon.colcon_core.package_identification:_identify(testfiles) by extension 'ros'
[0.640s] Level 1:colcon.colcon_core.package_identification:_identify(testfiles) by extensions ['cmake', 'python']
[0.640s] Level 1:colcon.colcon_core.package_identification:_identify(testfiles) by extension 'cmake'
[0.640s] Level 1:colcon.colcon_core.package_identification:_identify(testfiles) by extension 'python'
[0.640s] Level 1:colcon.colcon_core.package_identification:_identify(testfiles) by extensions ['python_setup_py']
[0.640s] Level 1:colcon.colcon_core.package_identification:_identify(testfiles) by extension 'python_setup_py'
[0.640s] Level 1:colcon.colcon_core.package_identification:_identify(thirdparty) by extensions ['ignore', 'ignore_ament_install']
[0.640s] Level 1:colcon.colcon_core.package_identification:_identify(thirdparty) by extension 'ignore'
[0.640s] Level 1:colcon.colcon_core.package_identification:_identify(thirdparty) by extension 'ignore_ament_install'
[0.640s] Level 1:colcon.colcon_core.package_identification:_identify(thirdparty) by extensions ['colcon_pkg']
[0.640s] Level 1:colcon.colcon_core.package_identification:_identify(thirdparty) by extension 'colcon_pkg'
[0.640s] Level 1:colcon.colcon_core.package_identification:_identify(thirdparty) by extensions ['colcon_meta']
[0.640s] Level 1:colcon.colcon_core.package_identification:_identify(thirdparty) by extension 'colcon_meta'
[0.641s] Level 1:colcon.colcon_core.package_identification:_identify(thirdparty) by extensions ['ros']
[0.641s] Level 1:colcon.colcon_core.package_identification:_identify(thirdparty) by extension 'ros'
[0.641s] Level 1:colcon.colcon_core.package_identification:_identify(thirdparty) by extensions ['cmake', 'python']
[0.641s] Level 1:colcon.colcon_core.package_identification:_identify(thirdparty) by extension 'cmake'
[0.641s] Level 1:colcon.colcon_core.package_identification:_identify(thirdparty) by extension 'python'
[0.641s] Level 1:colcon.colcon_core.package_identification:_identify(thirdparty) by extensions ['python_setup_py']
[0.641s] Level 1:colcon.colcon_core.package_identification:_identify(thirdparty) by extension 'python_setup_py'
[0.641s] Level 1:colcon.colcon_core.package_identification:_identify(thirdparty/YDLidar-SDK) by extensions ['ignore', 'ignore_ament_install']
[0.641s] Level 1:colcon.colcon_core.package_identification:_identify(thirdparty/YDLidar-SDK) by extension 'ignore'
[0.641s] Level 1:colcon.colcon_core.package_identification:_identify(thirdparty/YDLidar-SDK) by extension 'ignore_ament_install'
[0.641s] Level 1:colcon.colcon_core.package_identification:_identify(thirdparty/YDLidar-SDK) by extensions ['colcon_pkg']
[0.641s] Level 1:colcon.colcon_core.package_identification:_identify(thirdparty/YDLidar-SDK) by extension 'colcon_pkg'
[0.641s] Level 1:colcon.colcon_core.package_identification:_identify(thirdparty/YDLidar-SDK) by extensions ['colcon_meta']
[0.641s] Level 1:colcon.colcon_core.package_identification:_identify(thirdparty/YDLidar-SDK) by extension 'colcon_meta'
[0.641s] Level 1:colcon.colcon_core.package_identification:_identify(thirdparty/YDLidar-SDK) by extensions ['ros']
[0.641s] Level 1:colcon.colcon_core.package_identification:_identify(thirdparty/YDLidar-SDK) by extension 'ros'
[0.641s] Level 1:colcon.colcon_core.package_identification:_identify(thirdparty/YDLidar-SDK) by extensions ['cmake', 'python']
[0.641s] Level 1:colcon.colcon_core.package_identification:_identify(thirdparty/YDLidar-SDK) by extension 'cmake'
[0.641s] Level 1:colcon.colcon_core.package_identification:_identify(thirdparty/YDLidar-SDK) by extension 'python'
[0.641s] Level 1:colcon.colcon_core.package_identification:_identify(thirdparty/YDLidar-SDK) by extensions ['python_setup_py']
[0.641s] Level 1:colcon.colcon_core.package_identification:_identify(thirdparty/YDLidar-SDK) by extension 'python_setup_py'
[0.642s] Level 1:colcon.colcon_core.package_identification:_identify(thirdparty/apriltag_ros) by extensions ['ignore', 'ignore_ament_install']
[0.642s] Level 1:colcon.colcon_core.package_identification:_identify(thirdparty/apriltag_ros) by extension 'ignore'
[0.642s] Level 1:colcon.colcon_core.package_identification:_identify(thirdparty/apriltag_ros) by extension 'ignore_ament_install'
[0.642s] Level 1:colcon.colcon_core.package_identification:_identify(thirdparty/apriltag_ros) by extensions ['colcon_pkg']
[0.642s] Level 1:colcon.colcon_core.package_identification:_identify(thirdparty/apriltag_ros) by extension 'colcon_pkg'
[0.642s] Level 1:colcon.colcon_core.package_identification:_identify(thirdparty/apriltag_ros) by extensions ['colcon_meta']
[0.642s] Level 1:colcon.colcon_core.package_identification:_identify(thirdparty/apriltag_ros) by extension 'colcon_meta'
[0.642s] Level 1:colcon.colcon_core.package_identification:_identify(thirdparty/apriltag_ros) by extensions ['ros']
[0.642s] Level 1:colcon.colcon_core.package_identification:_identify(thirdparty/apriltag_ros) by extension 'ros'
[0.642s] Level 1:colcon.colcon_core.package_identification:_identify(thirdparty/apriltag_ros) by extensions ['cmake', 'python']
[0.642s] Level 1:colcon.colcon_core.package_identification:_identify(thirdparty/apriltag_ros) by extension 'cmake'
[0.642s] Level 1:colcon.colcon_core.package_identification:_identify(thirdparty/apriltag_ros) by extension 'python'
[0.642s] Level 1:colcon.colcon_core.package_identification:_identify(thirdparty/apriltag_ros) by extensions ['python_setup_py']
[0.642s] Level 1:colcon.colcon_core.package_identification:_identify(thirdparty/apriltag_ros) by extension 'python_setup_py'
[0.642s] Level 1:colcon.colcon_core.package_identification:_identify(thirdparty/moveit2) by extensions ['ignore', 'ignore_ament_install']
[0.642s] Level 1:colcon.colcon_core.package_identification:_identify(thirdparty/moveit2) by extension 'ignore'
[0.642s] Level 1:colcon.colcon_core.package_identification:_identify(thirdparty/moveit2) by extension 'ignore_ament_install'
[0.642s] Level 1:colcon.colcon_core.package_identification:_identify(thirdparty/moveit2) by extensions ['colcon_pkg']
[0.642s] Level 1:colcon.colcon_core.package_identification:_identify(thirdparty/moveit2) by extension 'colcon_pkg'
[0.642s] Level 1:colcon.colcon_core.package_identification:_identify(thirdparty/moveit2) by extensions ['colcon_meta']
[0.642s] Level 1:colcon.colcon_core.package_identification:_identify(thirdparty/moveit2) by extension 'colcon_meta'
[0.642s] Level 1:colcon.colcon_core.package_identification:_identify(thirdparty/moveit2) by extensions ['ros']
[0.642s] Level 1:colcon.colcon_core.package_identification:_identify(thirdparty/moveit2) by extension 'ros'
[0.642s] Level 1:colcon.colcon_core.package_identification:_identify(thirdparty/moveit2) by extensions ['cmake', 'python']
[0.643s] Level 1:colcon.colcon_core.package_identification:_identify(thirdparty/moveit2) by extension 'cmake'
[0.643s] Level 1:colcon.colcon_core.package_identification:_identify(thirdparty/moveit2) by extension 'python'
[0.643s] Level 1:colcon.colcon_core.package_identification:_identify(thirdparty/moveit2) by extensions ['python_setup_py']
[0.643s] Level 1:colcon.colcon_core.package_identification:_identify(thirdparty/moveit2) by extension 'python_setup_py'
[0.643s] Level 1:colcon.colcon_core.package_identification:_identify(thirdparty/navigation2) by extensions ['ignore', 'ignore_ament_install']
[0.643s] Level 1:colcon.colcon_core.package_identification:_identify(thirdparty/navigation2) by extension 'ignore'
[0.643s] Level 1:colcon.colcon_core.package_identification:_identify(thirdparty/navigation2) by extension 'ignore_ament_install'
[0.643s] Level 1:colcon.colcon_core.package_identification:_identify(thirdparty/navigation2) by extensions ['colcon_pkg']
[0.643s] Level 1:colcon.colcon_core.package_identification:_identify(thirdparty/navigation2) by extension 'colcon_pkg'
[0.643s] Level 1:colcon.colcon_core.package_identification:_identify(thirdparty/navigation2) by extensions ['colcon_meta']
[0.643s] Level 1:colcon.colcon_core.package_identification:_identify(thirdparty/navigation2) by extension 'colcon_meta'
[0.643s] Level 1:colcon.colcon_core.package_identification:_identify(thirdparty/navigation2) by extensions ['ros']
[0.643s] Level 1:colcon.colcon_core.package_identification:_identify(thirdparty/navigation2) by extension 'ros'
[0.643s] Level 1:colcon.colcon_core.package_identification:_identify(thirdparty/navigation2) by extensions ['cmake', 'python']
[0.643s] Level 1:colcon.colcon_core.package_identification:_identify(thirdparty/navigation2) by extension 'cmake'
[0.643s] Level 1:colcon.colcon_core.package_identification:_identify(thirdparty/navigation2) by extension 'python'
[0.643s] Level 1:colcon.colcon_core.package_identification:_identify(thirdparty/navigation2) by extensions ['python_setup_py']
[0.643s] Level 1:colcon.colcon_core.package_identification:_identify(thirdparty/navigation2) by extension 'python_setup_py'
[0.643s] Level 1:colcon.colcon_core.package_identification:_identify(thirdparty/robot_localization) by extensions ['ignore', 'ignore_ament_install']
[0.643s] Level 1:colcon.colcon_core.package_identification:_identify(thirdparty/robot_localization) by extension 'ignore'
[0.643s] Level 1:colcon.colcon_core.package_identification:_identify(thirdparty/robot_localization) by extension 'ignore_ament_install'
[0.643s] Level 1:colcon.colcon_core.package_identification:_identify(thirdparty/robot_localization) by extensions ['colcon_pkg']
[0.643s] Level 1:colcon.colcon_core.package_identification:_identify(thirdparty/robot_localization) by extension 'colcon_pkg'
[0.643s] Level 1:colcon.colcon_core.package_identification:_identify(thirdparty/robot_localization) by extensions ['colcon_meta']
[0.643s] Level 1:colcon.colcon_core.package_identification:_identify(thirdparty/robot_localization) by extension 'colcon_meta'
[0.643s] Level 1:colcon.colcon_core.package_identification:_identify(thirdparty/robot_localization) by extensions ['ros']
[0.644s] Level 1:colcon.colcon_core.package_identification:_identify(thirdparty/robot_localization) by extension 'ros'
[0.644s] Level 1:colcon.colcon_core.package_identification:_identify(thirdparty/robot_localization) by extensions ['cmake', 'python']
[0.644s] Level 1:colcon.colcon_core.package_identification:_identify(thirdparty/robot_localization) by extension 'cmake'
[0.644s] Level 1:colcon.colcon_core.package_identification:_identify(thirdparty/robot_localization) by extension 'python'
[0.644s] Level 1:colcon.colcon_core.package_identification:_identify(thirdparty/robot_localization) by extensions ['python_setup_py']
[0.644s] Level 1:colcon.colcon_core.package_identification:_identify(thirdparty/robot_localization) by extension 'python_setup_py'
[0.644s] Level 1:colcon.colcon_core.package_identification:_identify(thirdparty/slam_toolbox) by extensions ['ignore', 'ignore_ament_install']
[0.644s] Level 1:colcon.colcon_core.package_identification:_identify(thirdparty/slam_toolbox) by extension 'ignore'
[0.644s] Level 1:colcon.colcon_core.package_identification:_identify(thirdparty/slam_toolbox) by extension 'ignore_ament_install'
[0.644s] Level 1:colcon.colcon_core.package_identification:_identify(thirdparty/slam_toolbox) by extensions ['colcon_pkg']
[0.644s] Level 1:colcon.colcon_core.package_identification:_identify(thirdparty/slam_toolbox) by extension 'colcon_pkg'
[0.644s] Level 1:colcon.colcon_core.package_identification:_identify(thirdparty/slam_toolbox) by extensions ['colcon_meta']
[0.644s] Level 1:colcon.colcon_core.package_identification:_identify(thirdparty/slam_toolbox) by extension 'colcon_meta'
[0.644s] Level 1:colcon.colcon_core.package_identification:_identify(thirdparty/slam_toolbox) by extensions ['ros']
[0.644s] Level 1:colcon.colcon_core.package_identification:_identify(thirdparty/slam_toolbox) by extension 'ros'
[0.644s] Level 1:colcon.colcon_core.package_identification:_identify(thirdparty/slam_toolbox) by extensions ['cmake', 'python']
[0.644s] Level 1:colcon.colcon_core.package_identification:_identify(thirdparty/slam_toolbox) by extension 'cmake'
[0.644s] Level 1:colcon.colcon_core.package_identification:_identify(thirdparty/slam_toolbox) by extension 'python'
[0.644s] Level 1:colcon.colcon_core.package_identification:_identify(thirdparty/slam_toolbox) by extensions ['python_setup_py']
[0.644s] Level 1:colcon.colcon_core.package_identification:_identify(thirdparty/slam_toolbox) by extension 'python_setup_py'
[0.644s] Level 1:colcon.colcon_core.package_identification:_identify(thirdparty/ydlidar_ros2_driver) by extensions ['ignore', 'ignore_ament_install']
[0.644s] Level 1:colcon.colcon_core.package_identification:_identify(thirdparty/ydlidar_ros2_driver) by extension 'ignore'
[0.644s] Level 1:colcon.colcon_core.package_identification:_identify(thirdparty/ydlidar_ros2_driver) by extension 'ignore_ament_install'
[0.644s] Level 1:colcon.colcon_core.package_identification:_identify(thirdparty/ydlidar_ros2_driver) by extensions ['colcon_pkg']
[0.645s] Level 1:colcon.colcon_core.package_identification:_identify(thirdparty/ydlidar_ros2_driver) by extension 'colcon_pkg'
[0.645s] Level 1:colcon.colcon_core.package_identification:_identify(thirdparty/ydlidar_ros2_driver) by extensions ['colcon_meta']
[0.645s] Level 1:colcon.colcon_core.package_identification:_identify(thirdparty/ydlidar_ros2_driver) by extension 'colcon_meta'
[0.645s] Level 1:colcon.colcon_core.package_identification:_identify(thirdparty/ydlidar_ros2_driver) by extensions ['ros']
[0.645s] Level 1:colcon.colcon_core.package_identification:_identify(thirdparty/ydlidar_ros2_driver) by extension 'ros'
[0.645s] Level 1:colcon.colcon_core.package_identification:_identify(thirdparty/ydlidar_ros2_driver) by extensions ['cmake', 'python']
[0.645s] Level 1:colcon.colcon_core.package_identification:_identify(thirdparty/ydlidar_ros2_driver) by extension 'cmake'
[0.645s] Level 1:colcon.colcon_core.package_identification:_identify(thirdparty/ydlidar_ros2_driver) by extension 'python'
[0.645s] Level 1:colcon.colcon_core.package_identification:_identify(thirdparty/ydlidar_ros2_driver) by extensions ['python_setup_py']
[0.645s] Level 1:colcon.colcon_core.package_identification:_identify(thirdparty/ydlidar_ros2_driver) by extension 'python_setup_py'
[0.645s] Level 1:colcon.colcon_core.package_discovery:discover_packages(recursive) using defaults
[0.645s] Level 1:colcon.colcon_core.package_discovery:discover_packages(ignore) discover
[0.645s] Level 1:colcon.colcon_core.package_discovery:discover_packages(ignore) using defaults
[0.645s] Level 1:colcon.colcon_core.package_discovery:discover_packages(path) discover
[0.645s] Level 1:colcon.colcon_core.package_discovery:discover_packages(path) using defaults
[0.682s] Level 1:colcon.colcon_core.package_discovery:discover_packages(prefix_path) check parameters
[0.682s] Level 1:colcon.colcon_core.package_discovery:discover_packages(prefix_path) discover
[0.693s] DEBUG:colcon.colcon_installed_package_information.package_discovery:Found 12 installed packages in /home/ros2/ros2_ws/install
[0.695s] DEBUG:colcon.colcon_installed_package_information.package_discovery:Found 317 installed packages in /opt/ros/jazzy
[0.697s] Level 1:colcon.colcon_core.package_discovery:discover_packages(prefix_path) using defaults
[0.763s] Level 5:colcon.colcon_core.verb:set package 'ackermann_drive' build argument 'cmake_args' from command line to 'None'
[0.763s] Level 5:colcon.colcon_core.verb:set package 'ackermann_drive' build argument 'cmake_target' from command line to 'None'
[0.763s] Level 5:colcon.colcon_core.verb:set package 'ackermann_drive' build argument 'cmake_target_skip_unavailable' from command line to 'False'
[0.763s] Level 5:colcon.colcon_core.verb:set package 'ackermann_drive' build argument 'cmake_clean_cache' from command line to 'False'
[0.763s] Level 5:colcon.colcon_core.verb:set package 'ackermann_drive' build argument 'cmake_clean_first' from command line to 'False'
[0.763s] Level 5:colcon.colcon_core.verb:set package 'ackermann_drive' build argument 'cmake_force_configure' from command line to 'False'
[0.763s] Level 5:colcon.colcon_core.verb:set package 'ackermann_drive' build argument 'ament_cmake_args' from command line to 'None'
[0.763s] Level 5:colcon.colcon_core.verb:set package 'ackermann_drive' build argument 'catkin_cmake_args' from command line to 'None'
[0.763s] Level 5:colcon.colcon_core.verb:set package 'ackermann_drive' build argument 'catkin_skip_building_tests' from command line to 'False'
[0.763s] DEBUG:colcon.colcon_core.verb:Building package 'ackermann_drive' with the following arguments: {'ament_cmake_args': None, 'build_base': '/home/ros2/ros2_ws/src/pincerRover/build/ackermann_drive', 'catkin_cmake_args': None, 'catkin_skip_building_tests': False, 'cmake_args': None, 'cmake_clean_cache': False, 'cmake_clean_first': False, 'cmake_force_configure': False, 'cmake_target': None, 'cmake_target_skip_unavailable': False, 'install_base': '/home/ros2/ros2_ws/src/pincerRover/install/ackermann_drive', 'merge_install': False, 'path': '/home/ros2/ros2_ws/src/pincerRover/systems/ros2_drivers/ackermann_drive', 'symlink_install': False, 'test_result_base': None}
[0.763s] Level 5:colcon.colcon_core.verb:set package 'ackermann_drive_odom' build argument 'cmake_args' from command line to 'None'
[0.763s] Level 5:colcon.colcon_core.verb:set package 'ackermann_drive_odom' build argument 'cmake_target' from command line to 'None'
[0.763s] Level 5:colcon.colcon_core.verb:set package 'ackermann_drive_odom' build argument 'cmake_target_skip_unavailable' from command line to 'False'
[0.763s] Level 5:colcon.colcon_core.verb:set package 'ackermann_drive_odom' build argument 'cmake_clean_cache' from command line to 'False'
[0.763s] Level 5:colcon.colcon_core.verb:set package 'ackermann_drive_odom' build argument 'cmake_clean_first' from command line to 'False'
[0.763s] Level 5:colcon.colcon_core.verb:set package 'ackermann_drive_odom' build argument 'cmake_force_configure' from command line to 'False'
[0.763s] Level 5:colcon.colcon_core.verb:set package 'ackermann_drive_odom' build argument 'ament_cmake_args' from command line to 'None'
[0.763s] Level 5:colcon.colcon_core.verb:set package 'ackermann_drive_odom' build argument 'catkin_cmake_args' from command line to 'None'
[0.763s] Level 5:colcon.colcon_core.verb:set package 'ackermann_drive_odom' build argument 'catkin_skip_building_tests' from command line to 'False'
[0.763s] DEBUG:colcon.colcon_core.verb:Building package 'ackermann_drive_odom' with the following arguments: {'ament_cmake_args': None, 'build_base': '/home/ros2/ros2_ws/src/pincerRover/build/ackermann_drive_odom', 'catkin_cmake_args': None, 'catkin_skip_building_tests': False, 'cmake_args': None, 'cmake_clean_cache': False, 'cmake_clean_first': False, 'cmake_force_configure': False, 'cmake_target': None, 'cmake_target_skip_unavailable': False, 'install_base': '/home/ros2/ros2_ws/src/pincerRover/install/ackermann_drive_odom', 'merge_install': False, 'path': '/home/ros2/ros2_ws/src/pincerRover/systems/ros2_drivers/ackermann_drive_odom', 'symlink_install': False, 'test_result_base': None}
[0.764s] Level 5:colcon.colcon_core.verb:set package 'bringup' build argument 'cmake_args' from command line to 'None'
[0.764s] Level 5:colcon.colcon_core.verb:set package 'bringup' build argument 'cmake_target' from command line to 'None'
[0.764s] Level 5:colcon.colcon_core.verb:set package 'bringup' build argument 'cmake_target_skip_unavailable' from command line to 'False'
[0.764s] Level 5:colcon.colcon_core.verb:set package 'bringup' build argument 'cmake_clean_cache' from command line to 'False'
[0.764s] Level 5:colcon.colcon_core.verb:set package 'bringup' build argument 'cmake_clean_first' from command line to 'False'
[0.764s] Level 5:colcon.colcon_core.verb:set package 'bringup' build argument 'cmake_force_configure' from command line to 'False'
[0.764s] Level 5:colcon.colcon_core.verb:set package 'bringup' build argument 'ament_cmake_args' from command line to 'None'
[0.764s] Level 5:colcon.colcon_core.verb:set package 'bringup' build argument 'catkin_cmake_args' from command line to 'None'
[0.764s] Level 5:colcon.colcon_core.verb:set package 'bringup' build argument 'catkin_skip_building_tests' from command line to 'False'
[0.764s] DEBUG:colcon.colcon_core.verb:Building package 'bringup' with the following arguments: {'ament_cmake_args': None, 'build_base': '/home/ros2/ros2_ws/src/pincerRover/build/bringup', 'catkin_cmake_args': None, 'catkin_skip_building_tests': False, 'cmake_args': None, 'cmake_clean_cache': False, 'cmake_clean_first': False, 'cmake_force_configure': False, 'cmake_target': None, 'cmake_target_skip_unavailable': False, 'install_base': '/home/ros2/ros2_ws/src/pincerRover/install/bringup', 'merge_install': False, 'path': '/home/ros2/ros2_ws/src/pincerRover/bringup', 'symlink_install': False, 'test_result_base': None}
[0.764s] Level 5:colcon.colcon_core.verb:set package 'description' build argument 'cmake_args' from command line to 'None'
[0.764s] Level 5:colcon.colcon_core.verb:set package 'description' build argument 'cmake_target' from command line to 'None'
[0.764s] Level 5:colcon.colcon_core.verb:set package 'description' build argument 'cmake_target_skip_unavailable' from command line to 'False'
[0.764s] Level 5:colcon.colcon_core.verb:set package 'description' build argument 'cmake_clean_cache' from command line to 'False'
[0.764s] Level 5:colcon.colcon_core.verb:set package 'description' build argument 'cmake_clean_first' from command line to 'False'
[0.764s] Level 5:colcon.colcon_core.verb:set package 'description' build argument 'cmake_force_configure' from command line to 'False'
[0.764s] Level 5:colcon.colcon_core.verb:set package 'description' build argument 'ament_cmake_args' from command line to 'None'
[0.764s] Level 5:colcon.colcon_core.verb:set package 'description' build argument 'catkin_cmake_args' from command line to 'None'
[0.764s] Level 5:colcon.colcon_core.verb:set package 'description' build argument 'catkin_skip_building_tests' from command line to 'False'
[0.764s] DEBUG:colcon.colcon_core.verb:Building package 'description' with the following arguments: {'ament_cmake_args': None, 'build_base': '/home/ros2/ros2_ws/src/pincerRover/build/description', 'catkin_cmake_args': None, 'catkin_skip_building_tests': False, 'cmake_args': None, 'cmake_clean_cache': False, 'cmake_clean_first': False, 'cmake_force_configure': False, 'cmake_target': None, 'cmake_target_skip_unavailable': False, 'install_base': '/home/ros2/ros2_ws/src/pincerRover/install/description', 'merge_install': False, 'path': '/home/ros2/ros2_ws/src/pincerRover/description', 'symlink_install': False, 'test_result_base': None}
[0.764s] Level 5:colcon.colcon_core.verb:set package 'mpu6886' build argument 'cmake_args' from command line to 'None'
[0.764s] Level 5:colcon.colcon_core.verb:set package 'mpu6886' build argument 'cmake_target' from command line to 'None'
[0.764s] Level 5:colcon.colcon_core.verb:set package 'mpu6886' build argument 'cmake_target_skip_unavailable' from command line to 'False'
[0.764s] Level 5:colcon.colcon_core.verb:set package 'mpu6886' build argument 'cmake_clean_cache' from command line to 'False'
[0.764s] Level 5:colcon.colcon_core.verb:set package 'mpu6886' build argument 'cmake_clean_first' from command line to 'False'
[0.764s] Level 5:colcon.colcon_core.verb:set package 'mpu6886' build argument 'cmake_force_configure' from command line to 'False'
[0.764s] Level 5:colcon.colcon_core.verb:set package 'mpu6886' build argument 'ament_cmake_args' from command line to 'None'
[0.764s] Level 5:colcon.colcon_core.verb:set package 'mpu6886' build argument 'catkin_cmake_args' from command line to 'None'
[0.764s] Level 5:colcon.colcon_core.verb:set package 'mpu6886' build argument 'catkin_skip_building_tests' from command line to 'False'
[0.765s] DEBUG:colcon.colcon_core.verb:Building package 'mpu6886' with the following arguments: {'ament_cmake_args': None, 'build_base': '/home/ros2/ros2_ws/src/pincerRover/build/mpu6886', 'catkin_cmake_args': None, 'catkin_skip_building_tests': False, 'cmake_args': None, 'cmake_clean_cache': False, 'cmake_clean_first': False, 'cmake_force_configure': False, 'cmake_target': None, 'cmake_target_skip_unavailable': False, 'install_base': '/home/ros2/ros2_ws/src/pincerRover/install/mpu6886', 'merge_install': False, 'path': '/home/ros2/ros2_ws/src/pincerRover/systems/ros2_drivers/mpu6886', 'symlink_install': False, 'test_result_base': None}
[0.765s] Level 5:colcon.colcon_core.verb:set package 'manipulator' build argument 'cmake_args' from command line to 'None'
[0.765s] Level 5:colcon.colcon_core.verb:set package 'manipulator' build argument 'cmake_target' from command line to 'None'
[0.765s] Level 5:colcon.colcon_core.verb:set package 'manipulator' build argument 'cmake_target_skip_unavailable' from command line to 'False'
[0.765s] Level 5:colcon.colcon_core.verb:set package 'manipulator' build argument 'cmake_clean_cache' from command line to 'False'
[0.765s] Level 5:colcon.colcon_core.verb:set package 'manipulator' build argument 'cmake_clean_first' from command line to 'False'
[0.765s] Level 5:colcon.colcon_core.verb:set package 'manipulator' build argument 'cmake_force_configure' from command line to 'False'
[0.765s] Level 5:colcon.colcon_core.verb:set package 'manipulator' build argument 'ament_cmake_args' from command line to 'None'
[0.765s] Level 5:colcon.colcon_core.verb:set package 'manipulator' build argument 'catkin_cmake_args' from command line to 'None'
[0.765s] Level 5:colcon.colcon_core.verb:set package 'manipulator' build argument 'catkin_skip_building_tests' from command line to 'False'
[0.765s] DEBUG:colcon.colcon_core.verb:Building package 'manipulator' with the following arguments: {'ament_cmake_args': None, 'build_base': '/home/ros2/ros2_ws/src/pincerRover/build/manipulator', 'catkin_cmake_args': None, 'catkin_skip_building_tests': False, 'cmake_args': None, 'cmake_clean_cache': False, 'cmake_clean_first': False, 'cmake_force_configure': False, 'cmake_target': None, 'cmake_target_skip_unavailable': False, 'install_base': '/home/ros2/ros2_ws/src/pincerRover/install/manipulator', 'merge_install': False, 'path': '/home/ros2/ros2_ws/src/pincerRover/moveit/manipulator', 'symlink_install': False, 'test_result_base': None}
[0.765s] Level 5:colcon.colcon_core.verb:set package 'safety_field' build argument 'cmake_args' from command line to 'None'
[0.765s] Level 5:colcon.colcon_core.verb:set package 'safety_field' build argument 'cmake_target' from command line to 'None'
[0.765s] Level 5:colcon.colcon_core.verb:set package 'safety_field' build argument 'cmake_target_skip_unavailable' from command line to 'False'
[0.765s] Level 5:colcon.colcon_core.verb:set package 'safety_field' build argument 'cmake_clean_cache' from command line to 'False'
[0.765s] Level 5:colcon.colcon_core.verb:set package 'safety_field' build argument 'cmake_clean_first' from command line to 'False'
[0.765s] Level 5:colcon.colcon_core.verb:set package 'safety_field' build argument 'cmake_force_configure' from command line to 'False'
[0.765s] Level 5:colcon.colcon_core.verb:set package 'safety_field' build argument 'ament_cmake_args' from command line to 'None'
[0.765s] Level 5:colcon.colcon_core.verb:set package 'safety_field' build argument 'catkin_cmake_args' from command line to 'None'
[0.765s] Level 5:colcon.colcon_core.verb:set package 'safety_field' build argument 'catkin_skip_building_tests' from command line to 'False'
[0.765s] DEBUG:colcon.colcon_core.verb:Building package 'safety_field' with the following arguments: {'ament_cmake_args': None, 'build_base': '/home/ros2/ros2_ws/src/pincerRover/build/safety_field', 'catkin_cmake_args': None, 'catkin_skip_building_tests': False, 'cmake_args': None, 'cmake_clean_cache': False, 'cmake_clean_first': False, 'cmake_force_configure': False, 'cmake_target': None, 'cmake_target_skip_unavailable': False, 'install_base': '/home/ros2/ros2_ws/src/pincerRover/install/safety_field', 'merge_install': False, 'path': '/home/ros2/ros2_ws/src/pincerRover/systems/safety/safety_field', 'symlink_install': False, 'test_result_base': None}
[0.765s] INFO:colcon.colcon_core.executor:Executing jobs using 'parallel' executor
[0.770s] DEBUG:colcon.colcon_parallel_executor.executor.parallel:run_until_complete
[0.770s] INFO:colcon.colcon_ros.task.ament_python.build:Building ROS package in '/home/ros2/ros2_ws/src/pincerRover/systems/ros2_drivers/ackermann_drive' with build type 'ament_python'
[0.771s] Level 1:colcon.colcon_core.shell:create_environment_hook('ackermann_drive', 'ament_prefix_path')
[0.779s] INFO:colcon.colcon_core.plugin_system:Skipping extension 'colcon_core.shell.bat': Not used on non-Windows systems
[0.779s] INFO:colcon.colcon_core.shell:Creating environment hook '/home/ros2/ros2_ws/src/pincerRover/install/ackermann_drive/share/ackermann_drive/hook/ament_prefix_path.ps1'
[0.781s] INFO:colcon.colcon_core.shell:Creating environment descriptor '/home/ros2/ros2_ws/src/pincerRover/install/ackermann_drive/share/ackermann_drive/hook/ament_prefix_path.dsv'
[0.782s] INFO:colcon.colcon_core.shell:Creating environment hook '/home/ros2/ros2_ws/src/pincerRover/install/ackermann_drive/share/ackermann_drive/hook/ament_prefix_path.sh'
[0.782s] INFO:colcon.colcon_core.shell:Skip shell extension 'powershell' for command environment: Not usable outside of PowerShell
[0.782s] DEBUG:colcon.colcon_core.shell:Skip shell extension 'dsv' for command environment
[0.789s] INFO:colcon.colcon_ros.task.ament_python.build:Building ROS package in '/home/ros2/ros2_ws/src/pincerRover/systems/ros2_drivers/ackermann_drive_odom' with build type 'ament_python'
[0.789s] Level 1:colcon.colcon_core.shell:create_environment_hook('ackermann_drive_odom', 'ament_prefix_path')
[0.790s] INFO:colcon.colcon_core.shell:Creating environment hook '/home/ros2/ros2_ws/src/pincerRover/install/ackermann_drive_odom/share/ackermann_drive_odom/hook/ament_prefix_path.ps1'
[0.791s] INFO:colcon.colcon_core.shell:Creating environment descriptor '/home/ros2/ros2_ws/src/pincerRover/install/ackermann_drive_odom/share/ackermann_drive_odom/hook/ament_prefix_path.dsv'
[0.791s] INFO:colcon.colcon_core.shell:Creating environment hook '/home/ros2/ros2_ws/src/pincerRover/install/ackermann_drive_odom/share/ackermann_drive_odom/hook/ament_prefix_path.sh'
[0.792s] INFO:colcon.colcon_core.shell:Skip shell extension 'powershell' for command environment: Not usable outside of PowerShell
[0.792s] DEBUG:colcon.colcon_core.shell:Skip shell extension 'dsv' for command environment
[0.796s] INFO:colcon.colcon_ros.task.ament_cmake.build:Building ROS package in '/home/ros2/ros2_ws/src/pincerRover/bringup' with build type 'ament_cmake'
[0.796s] INFO:colcon.colcon_cmake.task.cmake.build:Building CMake package in '/home/ros2/ros2_ws/src/pincerRover/bringup'
[0.796s] INFO:colcon.colcon_core.shell:Skip shell extension 'powershell' for command environment: Not usable outside of PowerShell
[0.796s] DEBUG:colcon.colcon_core.shell:Skip shell extension 'dsv' for command environment
[0.800s] INFO:colcon.colcon_ros.task.ament_cmake.build:Building ROS package in '/home/ros2/ros2_ws/src/pincerRover/description' with build type 'ament_cmake'
[0.800s] INFO:colcon.colcon_cmake.task.cmake.build:Building CMake package in '/home/ros2/ros2_ws/src/pincerRover/description'
[0.800s] INFO:colcon.colcon_core.shell:Skip shell extension 'powershell' for command environment: Not usable outside of PowerShell
[0.800s] DEBUG:colcon.colcon_core.shell:Skip shell extension 'dsv' for command environment
[0.806s] INFO:colcon.colcon_ros.task.ament_python.build:Building ROS package in '/home/ros2/ros2_ws/src/pincerRover/systems/ros2_drivers/mpu6886' with build type 'ament_python'
[0.806s] Level 1:colcon.colcon_core.shell:create_environment_hook('mpu6886', 'ament_prefix_path')
[0.806s] INFO:colcon.colcon_core.shell:Creating environment hook '/home/ros2/ros2_ws/src/pincerRover/install/mpu6886/share/mpu6886/hook/ament_prefix_path.ps1'
[0.808s] INFO:colcon.colcon_core.shell:Creating environment descriptor '/home/ros2/ros2_ws/src/pincerRover/install/mpu6886/share/mpu6886/hook/ament_prefix_path.dsv'
[0.809s] INFO:colcon.colcon_core.shell:Creating environment hook '/home/ros2/ros2_ws/src/pincerRover/install/mpu6886/share/mpu6886/hook/ament_prefix_path.sh'
[0.809s] INFO:colcon.colcon_core.shell:Skip shell extension 'powershell' for command environment: Not usable outside of PowerShell
[0.809s] DEBUG:colcon.colcon_core.shell:Skip shell extension 'dsv' for command environment
[0.814s] INFO:colcon.colcon_ros.task.ament_python.build:Building ROS package in '/home/ros2/ros2_ws/src/pincerRover/moveit/manipulator' with build type 'ament_python'
[0.814s] Level 1:colcon.colcon_core.shell:create_environment_hook('manipulator', 'ament_prefix_path')
[0.814s] INFO:colcon.colcon_core.shell:Creating environment hook '/home/ros2/ros2_ws/src/pincerRover/install/manipulator/share/manipulator/hook/ament_prefix_path.ps1'
[0.816s] INFO:colcon.colcon_core.shell:Creating environment descriptor '/home/ros2/ros2_ws/src/pincerRover/install/manipulator/share/manipulator/hook/ament_prefix_path.dsv'
[0.817s] INFO:colcon.colcon_core.shell:Creating environment hook '/home/ros2/ros2_ws/src/pincerRover/install/manipulator/share/manipulator/hook/ament_prefix_path.sh'
[0.817s] INFO:colcon.colcon_core.shell:Skip shell extension 'powershell' for command environment: Not usable outside of PowerShell
[0.817s] DEBUG:colcon.colcon_core.shell:Skip shell extension 'dsv' for command environment
[0.822s] INFO:colcon.colcon_ros.task.ament_python.build:Building ROS package in '/home/ros2/ros2_ws/src/pincerRover/systems/safety/safety_field' with build type 'ament_python'
[0.822s] Level 1:colcon.colcon_core.shell:create_environment_hook('safety_field', 'ament_prefix_path')
[0.822s] INFO:colcon.colcon_core.shell:Creating environment hook '/home/ros2/ros2_ws/src/pincerRover/install/safety_field/share/safety_field/hook/ament_prefix_path.ps1'
[0.833s] INFO:colcon.colcon_core.shell:Creating environment descriptor '/home/ros2/ros2_ws/src/pincerRover/install/safety_field/share/safety_field/hook/ament_prefix_path.dsv'
[0.834s] INFO:colcon.colcon_core.shell:Creating environment hook '/home/ros2/ros2_ws/src/pincerRover/install/safety_field/share/safety_field/hook/ament_prefix_path.sh'
[0.835s] INFO:colcon.colcon_core.shell:Skip shell extension 'powershell' for command environment: Not usable outside of PowerShell
[0.835s] DEBUG:colcon.colcon_core.shell:Skip shell extension 'dsv' for command environment
[1.051s] INFO:colcon.colcon_core.task.python.build:Building Python package in '/home/ros2/ros2_ws/src/pincerRover/systems/ros2_drivers/ackermann_drive'
[1.051s] INFO:colcon.colcon_core.shell:Skip shell extension 'powershell' for command environment: Not usable outside of PowerShell
[1.051s] DEBUG:colcon.colcon_core.shell:Skip shell extension 'dsv' for command environment
[1.250s] INFO:colcon.colcon_core.task.python.build:Building Python package in '/home/ros2/ros2_ws/src/pincerRover/systems/ros2_drivers/ackermann_drive_odom'
[1.250s] INFO:colcon.colcon_core.shell:Skip shell extension 'powershell' for command environment: Not usable outside of PowerShell
[1.250s] DEBUG:colcon.colcon_core.shell:Skip shell extension 'dsv' for command environment
[1.258s] DEBUG:colcon.colcon_core.event_handler.log_command:Invoking command in '/home/ros2/ros2_ws/src/pincerRover/build/bringup': CMAKE_PREFIX_PATH=${CMAKE_PREFIX_PATH}:/home/ros2/ros2_ws/install/safety_field:/home/ros2/ros2_ws/install/ros_path_planning_py:/home/ros2/ros2_ws/install/ros2_aruco:/home/ros2/ros2_ws/install/python_test_ros2:/home/ros2/ros2_ws/install/manipulator:/home/ros2/ros2_ws/install/mpu6886:/home/ros2/ros2_ws/install/ackermann_drive_odom:/home/ros2/ros2_ws/install/ackermann_drive:/opt/ros/jazzy /usr/bin/cmake /home/ros2/ros2_ws/src/pincerRover/bringup -DCMAKE_INSTALL_PREFIX=/home/ros2/ros2_ws/src/pincerRover/install/bringup
[1.265s] DEBUG:colcon.colcon_core.event_handler.log_command:Invoking command in '/home/ros2/ros2_ws/src/pincerRover/build/description': CMAKE_PREFIX_PATH=${CMAKE_PREFIX_PATH}:/home/ros2/ros2_ws/install/safety_field:/home/ros2/ros2_ws/install/ros_path_planning_py:/home/ros2/ros2_ws/install/ros2_aruco:/home/ros2/ros2_ws/install/python_test_ros2:/home/ros2/ros2_ws/install/manipulator:/home/ros2/ros2_ws/install/mpu6886:/home/ros2/ros2_ws/install/ackermann_drive_odom:/home/ros2/ros2_ws/install/ackermann_drive:/opt/ros/jazzy /usr/bin/cmake /home/ros2/ros2_ws/src/pincerRover/description -DCMAKE_INSTALL_PREFIX=/home/ros2/ros2_ws/src/pincerRover/install/description
[1.476s] INFO:colcon.colcon_core.task.python.build:Building Python package in '/home/ros2/ros2_ws/src/pincerRover/systems/ros2_drivers/mpu6886'
[1.476s] INFO:colcon.colcon_core.shell:Skip shell extension 'powershell' for command environment: Not usable outside of PowerShell
[1.476s] DEBUG:colcon.colcon_core.shell:Skip shell extension 'dsv' for command environment
[1.706s] INFO:colcon.colcon_core.task.python.build:Building Python package in '/home/ros2/ros2_ws/src/pincerRover/moveit/manipulator'
[1.706s] INFO:colcon.colcon_core.shell:Skip shell extension 'powershell' for command environment: Not usable outside of PowerShell
[1.706s] DEBUG:colcon.colcon_core.shell:Skip shell extension 'dsv' for command environment
[3.647s] INFO:colcon.colcon_core.task.python.build:Building Python package in '/home/ros2/ros2_ws/src/pincerRover/systems/safety/safety_field'
[3.647s] INFO:colcon.colcon_core.shell:Skip shell extension 'powershell' for command environment: Not usable outside of PowerShell
[3.647s] DEBUG:colcon.colcon_core.shell:Skip shell extension 'dsv' for command environment
[4.704s] DEBUG:colcon.colcon_core.event_handler.log_command:Invoking command in '/home/ros2/ros2_ws/src/pincerRover/systems/ros2_drivers/mpu6886': PYTHONPATH=/home/ros2/ros2_ws/src/pincerRover/build/mpu6886/prefix_override:/usr/lib/python3/dist-packages/colcon_core/task/python/colcon_distutils_commands:/home/ros2/ros2_ws/src/pincerRover/install/mpu6886/lib/python3.12/site-packages:${PYTHONPATH} /usr/bin/python3 -W ignore:setup.py install is deprecated -W ignore:easy_install command is deprecated setup.py egg_info --egg-base ../../../build/mpu6886 build --build-base /home/ros2/ros2_ws/src/pincerRover/build/mpu6886/build install --record /home/ros2/ros2_ws/src/pincerRover/build/mpu6886/install.log --single-version-externally-managed install_data
[4.733s] DEBUG:colcon.colcon_core.event_handler.log_command:Invoking command in '/home/ros2/ros2_ws/src/pincerRover/systems/ros2_drivers/ackermann_drive_odom': PYTHONPATH=/home/ros2/ros2_ws/src/pincerRover/build/ackermann_drive_odom/prefix_override:/usr/lib/python3/dist-packages/colcon_core/task/python/colcon_distutils_commands:/home/ros2/ros2_ws/src/pincerRover/install/ackermann_drive_odom/lib/python3.12/site-packages:${PYTHONPATH} /usr/bin/python3 -W ignore:setup.py install is deprecated -W ignore:easy_install command is deprecated setup.py egg_info --egg-base ../../../build/ackermann_drive_odom build --build-base /home/ros2/ros2_ws/src/pincerRover/build/ackermann_drive_odom/build install --record /home/ros2/ros2_ws/src/pincerRover/build/ackermann_drive_odom/install.log --single-version-externally-managed install_data
[4.735s] DEBUG:colcon.colcon_core.event_handler.log_command:Invoking command in '/home/ros2/ros2_ws/src/pincerRover/systems/ros2_drivers/ackermann_drive': PYTHONPATH=/home/ros2/ros2_ws/src/pincerRover/build/ackermann_drive/prefix_override:/usr/lib/python3/dist-packages/colcon_core/task/python/colcon_distutils_commands:/home/ros2/ros2_ws/src/pincerRover/install/ackermann_drive/lib/python3.12/site-packages:${PYTHONPATH} /usr/bin/python3 -W ignore:setup.py install is deprecated -W ignore:easy_install command is deprecated setup.py egg_info --egg-base ../../../build/ackermann_drive build --build-base /home/ros2/ros2_ws/src/pincerRover/build/ackermann_drive/build install --record /home/ros2/ros2_ws/src/pincerRover/build/ackermann_drive/install.log --single-version-externally-managed install_data
[4.752s] DEBUG:colcon.colcon_core.event_handler.log_command:Invoking command in '/home/ros2/ros2_ws/src/pincerRover/moveit/manipulator': PYTHONPATH=/home/ros2/ros2_ws/src/pincerRover/build/manipulator/prefix_override:/usr/lib/python3/dist-packages/colcon_core/task/python/colcon_distutils_commands:/home/ros2/ros2_ws/src/pincerRover/install/manipulator/lib/python3.12/site-packages:${PYTHONPATH} /usr/bin/python3 -W ignore:setup.py install is deprecated -W ignore:easy_install command is deprecated setup.py egg_info --egg-base ../../build/manipulator build --build-base /home/ros2/ros2_ws/src/pincerRover/build/manipulator/build install --record /home/ros2/ros2_ws/src/pincerRover/build/manipulator/install.log --single-version-externally-managed install_data
[4.761s] DEBUG:colcon.colcon_core.event_handler.log_command:Invoking command in '/home/ros2/ros2_ws/src/pincerRover/systems/safety/safety_field': PYTHONPATH=/home/ros2/ros2_ws/src/pincerRover/build/safety_field/prefix_override:/usr/lib/python3/dist-packages/colcon_core/task/python/colcon_distutils_commands:/home/ros2/ros2_ws/src/pincerRover/install/safety_field/lib/python3.12/site-packages:${PYTHONPATH} /usr/bin/python3 -W ignore:setup.py install is deprecated -W ignore:easy_install command is deprecated setup.py egg_info --egg-base ../../../build/safety_field build --build-base /home/ros2/ros2_ws/src/pincerRover/build/safety_field/build install --record /home/ros2/ros2_ws/src/pincerRover/build/safety_field/install.log --single-version-externally-managed install_data
[5.474s] DEBUG:colcon.colcon_core.event_handler.log_command:Invoked command in '/home/ros2/ros2_ws/src/pincerRover/systems/ros2_drivers/mpu6886' returned '0': PYTHONPATH=/home/ros2/ros2_ws/src/pincerRover/build/mpu6886/prefix_override:/usr/lib/python3/dist-packages/colcon_core/task/python/colcon_distutils_commands:/home/ros2/ros2_ws/src/pincerRover/install/mpu6886/lib/python3.12/site-packages:${PYTHONPATH} /usr/bin/python3 -W ignore:setup.py install is deprecated -W ignore:easy_install command is deprecated setup.py egg_info --egg-base ../../../build/mpu6886 build --build-base /home/ros2/ros2_ws/src/pincerRover/build/mpu6886/build install --record /home/ros2/ros2_ws/src/pincerRover/build/mpu6886/install.log --single-version-externally-managed install_data
[5.482s] Level 1:colcon.colcon_core.environment:checking '/home/ros2/ros2_ws/src/pincerRover/install/mpu6886' for CMake module files
[5.483s] Level 1:colcon.colcon_core.environment:checking '/home/ros2/ros2_ws/src/pincerRover/install/mpu6886' for CMake config files
[5.483s] Level 1:colcon.colcon_core.environment:checking '/home/ros2/ros2_ws/src/pincerRover/install/mpu6886/lib'
[5.484s] Level 1:colcon.colcon_core.environment:checking '/home/ros2/ros2_ws/src/pincerRover/install/mpu6886/bin'
[5.484s] Level 1:colcon.colcon_core.environment:checking '/home/ros2/ros2_ws/src/pincerRover/install/mpu6886/lib/pkgconfig/mpu6886.pc'
[5.484s] Level 1:colcon.colcon_core.environment:checking '/home/ros2/ros2_ws/src/pincerRover/install/mpu6886/lib/python3.12/site-packages'
[5.484s] Level 1:colcon.colcon_core.shell:create_environment_hook('mpu6886', 'pythonpath')
[5.484s] INFO:colcon.colcon_core.shell:Creating environment hook '/home/ros2/ros2_ws/src/pincerRover/install/mpu6886/share/mpu6886/hook/pythonpath.ps1'
[5.485s] INFO:colcon.colcon_core.shell:Creating environment descriptor '/home/ros2/ros2_ws/src/pincerRover/install/mpu6886/share/mpu6886/hook/pythonpath.dsv'
[5.485s] INFO:colcon.colcon_core.shell:Creating environment hook '/home/ros2/ros2_ws/src/pincerRover/install/mpu6886/share/mpu6886/hook/pythonpath.sh'
[5.486s] Level 1:colcon.colcon_core.environment:checking '/home/ros2/ros2_ws/src/pincerRover/install/mpu6886/bin'
[5.486s] Level 1:colcon.colcon_core.environment:create_environment_scripts_only(mpu6886)
[5.486s] INFO:colcon.colcon_core.shell:Creating package script '/home/ros2/ros2_ws/src/pincerRover/install/mpu6886/share/mpu6886/package.ps1'
[5.488s] INFO:colcon.colcon_core.shell:Creating package descriptor '/home/ros2/ros2_ws/src/pincerRover/install/mpu6886/share/mpu6886/package.dsv'
[5.489s] INFO:colcon.colcon_core.shell:Creating package script '/home/ros2/ros2_ws/src/pincerRover/install/mpu6886/share/mpu6886/package.sh'
[5.489s] INFO:colcon.colcon_core.shell:Creating package script '/home/ros2/ros2_ws/src/pincerRover/install/mpu6886/share/mpu6886/package.bash'
[5.491s] INFO:colcon.colcon_core.shell:Creating package script '/home/ros2/ros2_ws/src/pincerRover/install/mpu6886/share/mpu6886/package.zsh'
[5.492s] Level 1:colcon.colcon_core.environment:create_file_with_runtime_dependencies(/home/ros2/ros2_ws/src/pincerRover/install/mpu6886/share/colcon-core/packages/mpu6886)
[5.524s] Level 1:colcon.colcon_core.environment:checking '/home/ros2/ros2_ws/src/pincerRover/install/safety_field' for CMake module files
[5.525s] DEBUG:colcon.colcon_core.event_handler.log_command:Invoked command in '/home/ros2/ros2_ws/src/pincerRover/systems/safety/safety_field' returned '0': PYTHONPATH=/home/ros2/ros2_ws/src/pincerRover/build/safety_field/prefix_override:/usr/lib/python3/dist-packages/colcon_core/task/python/colcon_distutils_commands:/home/ros2/ros2_ws/src/pincerRover/install/safety_field/lib/python3.12/site-packages:${PYTHONPATH} /usr/bin/python3 -W ignore:setup.py install is deprecated -W ignore:easy_install command is deprecated setup.py egg_info --egg-base ../../../build/safety_field build --build-base /home/ros2/ros2_ws/src/pincerRover/build/safety_field/build install --record /home/ros2/ros2_ws/src/pincerRover/build/safety_field/install.log --single-version-externally-managed install_data
[5.526s] Level 1:colcon.colcon_core.environment:checking '/home/ros2/ros2_ws/src/pincerRover/install/safety_field' for CMake config files
[5.527s] Level 1:colcon.colcon_core.environment:checking '/home/ros2/ros2_ws/src/pincerRover/install/safety_field/lib'
[5.527s] Level 1:colcon.colcon_core.environment:checking '/home/ros2/ros2_ws/src/pincerRover/install/safety_field/bin'
[5.527s] Level 1:colcon.colcon_core.environment:checking '/home/ros2/ros2_ws/src/pincerRover/install/safety_field/lib/pkgconfig/safety_field.pc'
[5.527s] Level 1:colcon.colcon_core.environment:checking '/home/ros2/ros2_ws/src/pincerRover/install/safety_field/lib/python3.12/site-packages'
[5.527s] Level 1:colcon.colcon_core.shell:create_environment_hook('safety_field', 'pythonpath')
[5.528s] INFO:colcon.colcon_core.shell:Creating environment hook '/home/ros2/ros2_ws/src/pincerRover/install/safety_field/share/safety_field/hook/pythonpath.ps1'
[5.528s] INFO:colcon.colcon_core.shell:Creating environment descriptor '/home/ros2/ros2_ws/src/pincerRover/install/safety_field/share/safety_field/hook/pythonpath.dsv'
[5.529s] INFO:colcon.colcon_core.shell:Creating environment hook '/home/ros2/ros2_ws/src/pincerRover/install/safety_field/share/safety_field/hook/pythonpath.sh'
[5.530s] Level 1:colcon.colcon_core.environment:checking '/home/ros2/ros2_ws/src/pincerRover/install/safety_field/bin'
[5.530s] Level 1:colcon.colcon_core.environment:create_environment_scripts_only(safety_field)
[5.530s] INFO:colcon.colcon_core.shell:Creating package script '/home/ros2/ros2_ws/src/pincerRover/install/safety_field/share/safety_field/package.ps1'
[5.531s] INFO:colcon.colcon_core.shell:Creating package descriptor '/home/ros2/ros2_ws/src/pincerRover/install/safety_field/share/safety_field/package.dsv'
[5.531s] INFO:colcon.colcon_core.shell:Creating package script '/home/ros2/ros2_ws/src/pincerRover/install/safety_field/share/safety_field/package.sh'
[5.532s] INFO:colcon.colcon_core.shell:Creating package script '/home/ros2/ros2_ws/src/pincerRover/install/safety_field/share/safety_field/package.bash'
[5.532s] INFO:colcon.colcon_core.shell:Creating package script '/home/ros2/ros2_ws/src/pincerRover/install/safety_field/share/safety_field/package.zsh'
[5.533s] Level 1:colcon.colcon_core.environment:create_file_with_runtime_dependencies(/home/ros2/ros2_ws/src/pincerRover/install/safety_field/share/colcon-core/packages/safety_field)
[5.536s] Level 1:colcon.colcon_core.environment:checking '/home/ros2/ros2_ws/src/pincerRover/install/ackermann_drive_odom' for CMake module files
[5.537s] DEBUG:colcon.colcon_core.event_handler.log_command:Invoked command in '/home/ros2/ros2_ws/src/pincerRover/systems/ros2_drivers/ackermann_drive_odom' returned '0': PYTHONPATH=/home/ros2/ros2_ws/src/pincerRover/build/ackermann_drive_odom/prefix_override:/usr/lib/python3/dist-packages/colcon_core/task/python/colcon_distutils_commands:/home/ros2/ros2_ws/src/pincerRover/install/ackermann_drive_odom/lib/python3.12/site-packages:${PYTHONPATH} /usr/bin/python3 -W ignore:setup.py install is deprecated -W ignore:easy_install command is deprecated setup.py egg_info --egg-base ../../../build/ackermann_drive_odom build --build-base /home/ros2/ros2_ws/src/pincerRover/build/ackermann_drive_odom/build install --record /home/ros2/ros2_ws/src/pincerRover/build/ackermann_drive_odom/install.log --single-version-externally-managed install_data
[5.538s] Level 1:colcon.colcon_core.environment:checking '/home/ros2/ros2_ws/src/pincerRover/install/ackermann_drive_odom' for CMake config files
[5.538s] Level 1:colcon.colcon_core.environment:checking '/home/ros2/ros2_ws/src/pincerRover/install/ackermann_drive_odom/lib'
[5.538s] Level 1:colcon.colcon_core.environment:checking '/home/ros2/ros2_ws/src/pincerRover/install/ackermann_drive_odom/bin'
[5.538s] Level 1:colcon.colcon_core.environment:checking '/home/ros2/ros2_ws/src/pincerRover/install/ackermann_drive_odom/lib/pkgconfig/ackermann_drive_odom.pc'
[5.539s] Level 1:colcon.colcon_core.environment:checking '/home/ros2/ros2_ws/src/pincerRover/install/ackermann_drive_odom/lib/python3.12/site-packages'
[5.539s] Level 1:colcon.colcon_core.shell:create_environment_hook('ackermann_drive_odom', 'pythonpath')
[5.539s] INFO:colcon.colcon_core.shell:Creating environment hook '/home/ros2/ros2_ws/src/pincerRover/install/ackermann_drive_odom/share/ackermann_drive_odom/hook/pythonpath.ps1'
[5.540s] INFO:colcon.colcon_core.shell:Creating environment descriptor '/home/ros2/ros2_ws/src/pincerRover/install/ackermann_drive_odom/share/ackermann_drive_odom/hook/pythonpath.dsv'
[5.540s] INFO:colcon.colcon_core.shell:Creating environment hook '/home/ros2/ros2_ws/src/pincerRover/install/ackermann_drive_odom/share/ackermann_drive_odom/hook/pythonpath.sh'
[5.541s] Level 1:colcon.colcon_core.environment:checking '/home/ros2/ros2_ws/src/pincerRover/install/ackermann_drive_odom/bin'
[5.541s] Level 1:colcon.colcon_core.environment:create_environment_scripts_only(ackermann_drive_odom)
[5.541s] INFO:colcon.colcon_core.shell:Creating package script '/home/ros2/ros2_ws/src/pincerRover/install/ackermann_drive_odom/share/ackermann_drive_odom/package.ps1'
[5.542s] INFO:colcon.colcon_core.shell:Creating package descriptor '/home/ros2/ros2_ws/src/pincerRover/install/ackermann_drive_odom/share/ackermann_drive_odom/package.dsv'
[5.542s] INFO:colcon.colcon_core.shell:Creating package script '/home/ros2/ros2_ws/src/pincerRover/install/ackermann_drive_odom/share/ackermann_drive_odom/package.sh'
[5.543s] INFO:colcon.colcon_core.shell:Creating package script '/home/ros2/ros2_ws/src/pincerRover/install/ackermann_drive_odom/share/ackermann_drive_odom/package.bash'
[5.543s] INFO:colcon.colcon_core.shell:Creating package script '/home/ros2/ros2_ws/src/pincerRover/install/ackermann_drive_odom/share/ackermann_drive_odom/package.zsh'
[5.544s] Level 1:colcon.colcon_core.environment:create_file_with_runtime_dependencies(/home/ros2/ros2_ws/src/pincerRover/install/ackermann_drive_odom/share/colcon-core/packages/ackermann_drive_odom)
[5.548s] Level 1:colcon.colcon_core.environment:checking '/home/ros2/ros2_ws/src/pincerRover/install/manipulator' for CMake module files
[5.548s] DEBUG:colcon.colcon_core.event_handler.log_command:Invoked command in '/home/ros2/ros2_ws/src/pincerRover/moveit/manipulator' returned '0': PYTHONPATH=/home/ros2/ros2_ws/src/pincerRover/build/manipulator/prefix_override:/usr/lib/python3/dist-packages/colcon_core/task/python/colcon_distutils_commands:/home/ros2/ros2_ws/src/pincerRover/install/manipulator/lib/python3.12/site-packages:${PYTHONPATH} /usr/bin/python3 -W ignore:setup.py install is deprecated -W ignore:easy_install command is deprecated setup.py egg_info --egg-base ../../build/manipulator build --build-base /home/ros2/ros2_ws/src/pincerRover/build/manipulator/build install --record /home/ros2/ros2_ws/src/pincerRover/build/manipulator/install.log --single-version-externally-managed install_data
[5.549s] Level 1:colcon.colcon_core.environment:checking '/home/ros2/ros2_ws/src/pincerRover/install/manipulator' for CMake config files
[5.549s] Level 1:colcon.colcon_core.environment:checking '/home/ros2/ros2_ws/src/pincerRover/install/manipulator/lib'
[5.549s] Level 1:colcon.colcon_core.environment:checking '/home/ros2/ros2_ws/src/pincerRover/install/manipulator/bin'
[5.550s] Level 1:colcon.colcon_core.environment:checking '/home/ros2/ros2_ws/src/pincerRover/install/manipulator/lib/pkgconfig/manipulator.pc'
[5.550s] Level 1:colcon.colcon_core.environment:checking '/home/ros2/ros2_ws/src/pincerRover/install/manipulator/lib/python3.12/site-packages'
[5.550s] Level 1:colcon.colcon_core.shell:create_environment_hook('manipulator', 'pythonpath')
[5.550s] INFO:colcon.colcon_core.shell:Creating environment hook '/home/ros2/ros2_ws/src/pincerRover/install/manipulator/share/manipulator/hook/pythonpath.ps1'
[5.551s] INFO:colcon.colcon_core.shell:Creating environment descriptor '/home/ros2/ros2_ws/src/pincerRover/install/manipulator/share/manipulator/hook/pythonpath.dsv'
[5.551s] INFO:colcon.colcon_core.shell:Creating environment hook '/home/ros2/ros2_ws/src/pincerRover/install/manipulator/share/manipulator/hook/pythonpath.sh'
[5.552s] Level 1:colcon.colcon_core.environment:checking '/home/ros2/ros2_ws/src/pincerRover/install/manipulator/bin'
[5.552s] Level 1:colcon.colcon_core.environment:create_environment_scripts_only(manipulator)
[5.552s] INFO:colcon.colcon_core.shell:Creating package script '/home/ros2/ros2_ws/src/pincerRover/install/manipulator/share/manipulator/package.ps1'
[5.553s] INFO:colcon.colcon_core.shell:Creating package descriptor '/home/ros2/ros2_ws/src/pincerRover/install/manipulator/share/manipulator/package.dsv'
[5.554s] INFO:colcon.colcon_core.shell:Creating package script '/home/ros2/ros2_ws/src/pincerRover/install/manipulator/share/manipulator/package.sh'
[5.554s] INFO:colcon.colcon_core.shell:Creating package script '/home/ros2/ros2_ws/src/pincerRover/install/manipulator/share/manipulator/package.bash'
[5.555s] INFO:colcon.colcon_core.shell:Creating package script '/home/ros2/ros2_ws/src/pincerRover/install/manipulator/share/manipulator/package.zsh'
[5.555s] Level 1:colcon.colcon_core.environment:create_file_with_runtime_dependencies(/home/ros2/ros2_ws/src/pincerRover/install/manipulator/share/colcon-core/packages/manipulator)
[5.558s] Level 1:colcon.colcon_core.environment:checking '/home/ros2/ros2_ws/src/pincerRover/install/ackermann_drive' for CMake module files
[5.559s] DEBUG:colcon.colcon_core.event_handler.log_command:Invoked command in '/home/ros2/ros2_ws/src/pincerRover/systems/ros2_drivers/ackermann_drive' returned '0': PYTHONPATH=/home/ros2/ros2_ws/src/pincerRover/build/ackermann_drive/prefix_override:/usr/lib/python3/dist-packages/colcon_core/task/python/colcon_distutils_commands:/home/ros2/ros2_ws/src/pincerRover/install/ackermann_drive/lib/python3.12/site-packages:${PYTHONPATH} /usr/bin/python3 -W ignore:setup.py install is deprecated -W ignore:easy_install command is deprecated setup.py egg_info --egg-base ../../../build/ackermann_drive build --build-base /home/ros2/ros2_ws/src/pincerRover/build/ackermann_drive/build install --record /home/ros2/ros2_ws/src/pincerRover/build/ackermann_drive/install.log --single-version-externally-managed install_data
[5.559s] Level 1:colcon.colcon_core.environment:checking '/home/ros2/ros2_ws/src/pincerRover/install/ackermann_drive' for CMake config files
[5.560s] Level 1:colcon.colcon_core.environment:checking '/home/ros2/ros2_ws/src/pincerRover/install/ackermann_drive/lib'
[5.560s] Level 1:colcon.colcon_core.environment:checking '/home/ros2/ros2_ws/src/pincerRover/install/ackermann_drive/bin'
[5.560s] Level 1:colcon.colcon_core.environment:checking '/home/ros2/ros2_ws/src/pincerRover/install/ackermann_drive/lib/pkgconfig/ackermann_drive.pc'
[5.560s] Level 1:colcon.colcon_core.environment:checking '/home/ros2/ros2_ws/src/pincerRover/install/ackermann_drive/lib/python3.12/site-packages'
[5.560s] Level 1:colcon.colcon_core.shell:create_environment_hook('ackermann_drive', 'pythonpath')
[5.560s] INFO:colcon.colcon_core.shell:Creating environment hook '/home/ros2/ros2_ws/src/pincerRover/install/ackermann_drive/share/ackermann_drive/hook/pythonpath.ps1'
[5.561s] INFO:colcon.colcon_core.shell:Creating environment descriptor '/home/ros2/ros2_ws/src/pincerRover/install/ackermann_drive/share/ackermann_drive/hook/pythonpath.dsv'
[5.561s] INFO:colcon.colcon_core.shell:Creating environment hook '/home/ros2/ros2_ws/src/pincerRover/install/ackermann_drive/share/ackermann_drive/hook/pythonpath.sh'
[5.562s] Level 1:colcon.colcon_core.environment:checking '/home/ros2/ros2_ws/src/pincerRover/install/ackermann_drive/bin'
[5.562s] Level 1:colcon.colcon_core.environment:create_environment_scripts_only(ackermann_drive)
[5.562s] INFO:colcon.colcon_core.shell:Creating package script '/home/ros2/ros2_ws/src/pincerRover/install/ackermann_drive/share/ackermann_drive/package.ps1'
[5.563s] INFO:colcon.colcon_core.shell:Creating package descriptor '/home/ros2/ros2_ws/src/pincerRover/install/ackermann_drive/share/ackermann_drive/package.dsv'
[5.563s] INFO:colcon.colcon_core.shell:Creating package script '/home/ros2/ros2_ws/src/pincerRover/install/ackermann_drive/share/ackermann_drive/package.sh'
[5.564s] INFO:colcon.colcon_core.shell:Creating package script '/home/ros2/ros2_ws/src/pincerRover/install/ackermann_drive/share/ackermann_drive/package.bash'
[5.564s] INFO:colcon.colcon_core.shell:Creating package script '/home/ros2/ros2_ws/src/pincerRover/install/ackermann_drive/share/ackermann_drive/package.zsh'
[5.564s] Level 1:colcon.colcon_core.environment:create_file_with_runtime_dependencies(/home/ros2/ros2_ws/src/pincerRover/install/ackermann_drive/share/colcon-core/packages/ackermann_drive)
[5.792s] DEBUG:colcon.colcon_core.event_handler.log_command:Invoked command in '/home/ros2/ros2_ws/src/pincerRover/build/description' returned '0': CMAKE_PREFIX_PATH=${CMAKE_PREFIX_PATH}:/home/ros2/ros2_ws/install/safety_field:/home/ros2/ros2_ws/install/ros_path_planning_py:/home/ros2/ros2_ws/install/ros2_aruco:/home/ros2/ros2_ws/install/python_test_ros2:/home/ros2/ros2_ws/install/manipulator:/home/ros2/ros2_ws/install/mpu6886:/home/ros2/ros2_ws/install/ackermann_drive_odom:/home/ros2/ros2_ws/install/ackermann_drive:/opt/ros/jazzy /usr/bin/cmake /home/ros2/ros2_ws/src/pincerRover/description -DCMAKE_INSTALL_PREFIX=/home/ros2/ros2_ws/src/pincerRover/install/description
[5.793s] DEBUG:colcon.colcon_core.event_handler.log_command:Invoking command in '/home/ros2/ros2_ws/src/pincerRover/build/description': CMAKE_PREFIX_PATH=${CMAKE_PREFIX_PATH}:/home/ros2/ros2_ws/install/safety_field:/home/ros2/ros2_ws/install/ros_path_planning_py:/home/ros2/ros2_ws/install/ros2_aruco:/home/ros2/ros2_ws/install/python_test_ros2:/home/ros2/ros2_ws/install/manipulator:/home/ros2/ros2_ws/install/mpu6886:/home/ros2/ros2_ws/install/ackermann_drive_odom:/home/ros2/ros2_ws/install/ackermann_drive:/opt/ros/jazzy /usr/bin/cmake --build /home/ros2/ros2_ws/src/pincerRover/build/description -- -j12 -l12
[5.837s] DEBUG:colcon.colcon_core.event_handler.log_command:Invoked command in '/home/ros2/ros2_ws/src/pincerRover/build/description' returned '0': CMAKE_PREFIX_PATH=${CMAKE_PREFIX_PATH}:/home/ros2/ros2_ws/install/safety_field:/home/ros2/ros2_ws/install/ros_path_planning_py:/home/ros2/ros2_ws/install/ros2_aruco:/home/ros2/ros2_ws/install/python_test_ros2:/home/ros2/ros2_ws/install/manipulator:/home/ros2/ros2_ws/install/mpu6886:/home/ros2/ros2_ws/install/ackermann_drive_odom:/home/ros2/ros2_ws/install/ackermann_drive:/opt/ros/jazzy /usr/bin/cmake --build /home/ros2/ros2_ws/src/pincerRover/build/description -- -j12 -l12
[5.848s] DEBUG:colcon.colcon_core.event_handler.log_command:Invoking command in '/home/ros2/ros2_ws/src/pincerRover/build/description': CMAKE_PREFIX_PATH=${CMAKE_PREFIX_PATH}:/home/ros2/ros2_ws/install/safety_field:/home/ros2/ros2_ws/install/ros_path_planning_py:/home/ros2/ros2_ws/install/ros2_aruco:/home/ros2/ros2_ws/install/python_test_ros2:/home/ros2/ros2_ws/install/manipulator:/home/ros2/ros2_ws/install/mpu6886:/home/ros2/ros2_ws/install/ackermann_drive_odom:/home/ros2/ros2_ws/install/ackermann_drive:/opt/ros/jazzy /usr/bin/cmake --install /home/ros2/ros2_ws/src/pincerRover/build/description
[5.862s] Level 1:colcon.colcon_core.environment:create_environment_scripts_only(description)
[5.863s] Level 1:colcon.colcon_core.environment:checking '/home/ros2/ros2_ws/src/pincerRover/install/description' for CMake module files
[5.863s] DEBUG:colcon.colcon_core.event_handler.log_command:Invoked command in '/home/ros2/ros2_ws/src/pincerRover/build/description' returned '0': CMAKE_PREFIX_PATH=${CMAKE_PREFIX_PATH}:/home/ros2/ros2_ws/install/safety_field:/home/ros2/ros2_ws/install/ros_path_planning_py:/home/ros2/ros2_ws/install/ros2_aruco:/home/ros2/ros2_ws/install/python_test_ros2:/home/ros2/ros2_ws/install/manipulator:/home/ros2/ros2_ws/install/mpu6886:/home/ros2/ros2_ws/install/ackermann_drive_odom:/home/ros2/ros2_ws/install/ackermann_drive:/opt/ros/jazzy /usr/bin/cmake --install /home/ros2/ros2_ws/src/pincerRover/build/description
[5.864s] Level 1:colcon.colcon_core.environment:checking '/home/ros2/ros2_ws/src/pincerRover/install/description' for CMake config files
[5.864s] Level 1:colcon.colcon_core.shell:create_environment_hook('description', 'cmake_prefix_path')
[5.864s] INFO:colcon.colcon_core.shell:Creating environment hook '/home/ros2/ros2_ws/src/pincerRover/install/description/share/description/hook/cmake_prefix_path.ps1'
[5.865s] INFO:colcon.colcon_core.shell:Creating environment descriptor '/home/ros2/ros2_ws/src/pincerRover/install/description/share/description/hook/cmake_prefix_path.dsv'
[5.865s] INFO:colcon.colcon_core.shell:Creating environment hook '/home/ros2/ros2_ws/src/pincerRover/install/description/share/description/hook/cmake_prefix_path.sh'
[5.866s] Level 1:colcon.colcon_core.environment:checking '/home/ros2/ros2_ws/src/pincerRover/install/description/bin'
[5.866s] Level 1:colcon.colcon_core.environment:checking '/home/ros2/ros2_ws/src/pincerRover/install/description/lib/pkgconfig/description.pc'
[5.866s] Level 1:colcon.colcon_core.environment:checking '/home/ros2/ros2_ws/src/pincerRover/install/description/lib/python3.12/site-packages'
[5.866s] Level 1:colcon.colcon_core.environment:checking '/home/ros2/ros2_ws/src/pincerRover/install/description/bin'
[5.866s] INFO:colcon.colcon_core.shell:Creating package script '/home/ros2/ros2_ws/src/pincerRover/install/description/share/description/package.ps1'
[5.867s] INFO:colcon.colcon_core.shell:Creating package descriptor '/home/ros2/ros2_ws/src/pincerRover/install/description/share/description/package.dsv'
[5.867s] INFO:colcon.colcon_core.shell:Creating package script '/home/ros2/ros2_ws/src/pincerRover/install/description/share/description/package.sh'
[5.867s] INFO:colcon.colcon_core.shell:Creating package script '/home/ros2/ros2_ws/src/pincerRover/install/description/share/description/package.bash'
[5.868s] INFO:colcon.colcon_core.shell:Creating package script '/home/ros2/ros2_ws/src/pincerRover/install/description/share/description/package.zsh'
[5.868s] Level 1:colcon.colcon_core.environment:create_file_with_runtime_dependencies(/home/ros2/ros2_ws/src/pincerRover/install/description/share/colcon-core/packages/description)
[5.869s] Level 1:colcon.colcon_core.environment:create_environment_scripts_only(description)
[5.869s] Level 1:colcon.colcon_core.environment:checking '/home/ros2/ros2_ws/src/pincerRover/install/description' for CMake module files
[5.870s] Level 1:colcon.colcon_core.environment:checking '/home/ros2/ros2_ws/src/pincerRover/install/description' for CMake config files
[5.870s] Level 1:colcon.colcon_core.shell:create_environment_hook('description', 'cmake_prefix_path')
[5.870s] INFO:colcon.colcon_core.shell:Creating environment hook '/home/ros2/ros2_ws/src/pincerRover/install/description/share/description/hook/cmake_prefix_path.ps1'
[5.870s] INFO:colcon.colcon_core.shell:Creating environment descriptor '/home/ros2/ros2_ws/src/pincerRover/install/description/share/description/hook/cmake_prefix_path.dsv'
[5.871s] INFO:colcon.colcon_core.shell:Creating environment hook '/home/ros2/ros2_ws/src/pincerRover/install/description/share/description/hook/cmake_prefix_path.sh'
[5.871s] Level 1:colcon.colcon_core.environment:checking '/home/ros2/ros2_ws/src/pincerRover/install/description/bin'
[5.871s] Level 1:colcon.colcon_core.environment:checking '/home/ros2/ros2_ws/src/pincerRover/install/description/lib/pkgconfig/description.pc'
[5.871s] Level 1:colcon.colcon_core.environment:checking '/home/ros2/ros2_ws/src/pincerRover/install/description/lib/python3.12/site-packages'
[5.872s] Level 1:colcon.colcon_core.environment:checking '/home/ros2/ros2_ws/src/pincerRover/install/description/bin'
[5.872s] INFO:colcon.colcon_core.shell:Creating package script '/home/ros2/ros2_ws/src/pincerRover/install/description/share/description/package.ps1'
[5.872s] INFO:colcon.colcon_core.shell:Creating package descriptor '/home/ros2/ros2_ws/src/pincerRover/install/description/share/description/package.dsv'
[5.873s] INFO:colcon.colcon_core.shell:Creating package script '/home/ros2/ros2_ws/src/pincerRover/install/description/share/description/package.sh'
[5.873s] INFO:colcon.colcon_core.shell:Creating package script '/home/ros2/ros2_ws/src/pincerRover/install/description/share/description/package.bash'
[5.873s] INFO:colcon.colcon_core.shell:Creating package script '/home/ros2/ros2_ws/src/pincerRover/install/description/share/description/package.zsh'
[5.874s] Level 1:colcon.colcon_core.environment:create_file_with_runtime_dependencies(/home/ros2/ros2_ws/src/pincerRover/install/description/share/colcon-core/packages/description)
[6.918s] DEBUG:colcon.colcon_core.event_handler.log_command:Invoked command in '/home/ros2/ros2_ws/src/pincerRover/build/bringup' returned '0': CMAKE_PREFIX_PATH=${CMAKE_PREFIX_PATH}:/home/ros2/ros2_ws/install/safety_field:/home/ros2/ros2_ws/install/ros_path_planning_py:/home/ros2/ros2_ws/install/ros2_aruco:/home/ros2/ros2_ws/install/python_test_ros2:/home/ros2/ros2_ws/install/manipulator:/home/ros2/ros2_ws/install/mpu6886:/home/ros2/ros2_ws/install/ackermann_drive_odom:/home/ros2/ros2_ws/install/ackermann_drive:/opt/ros/jazzy /usr/bin/cmake /home/ros2/ros2_ws/src/pincerRover/bringup -DCMAKE_INSTALL_PREFIX=/home/ros2/ros2_ws/src/pincerRover/install/bringup
[6.918s] DEBUG:colcon.colcon_core.event_handler.log_command:Invoking command in '/home/ros2/ros2_ws/src/pincerRover/build/bringup': CMAKE_PREFIX_PATH=${CMAKE_PREFIX_PATH}:/home/ros2/ros2_ws/install/safety_field:/home/ros2/ros2_ws/install/ros_path_planning_py:/home/ros2/ros2_ws/install/ros2_aruco:/home/ros2/ros2_ws/install/python_test_ros2:/home/ros2/ros2_ws/install/manipulator:/home/ros2/ros2_ws/install/mpu6886:/home/ros2/ros2_ws/install/ackermann_drive_odom:/home/ros2/ros2_ws/install/ackermann_drive:/opt/ros/jazzy /usr/bin/cmake --build /home/ros2/ros2_ws/src/pincerRover/build/bringup -- -j12 -l12
[6.962s] DEBUG:colcon.colcon_core.event_handler.log_command:Invoked command in '/home/ros2/ros2_ws/src/pincerRover/build/bringup' returned '0': CMAKE_PREFIX_PATH=${CMAKE_PREFIX_PATH}:/home/ros2/ros2_ws/install/safety_field:/home/ros2/ros2_ws/install/ros_path_planning_py:/home/ros2/ros2_ws/install/ros2_aruco:/home/ros2/ros2_ws/install/python_test_ros2:/home/ros2/ros2_ws/install/manipulator:/home/ros2/ros2_ws/install/mpu6886:/home/ros2/ros2_ws/install/ackermann_drive_odom:/home/ros2/ros2_ws/install/ackermann_drive:/opt/ros/jazzy /usr/bin/cmake --build /home/ros2/ros2_ws/src/pincerRover/build/bringup -- -j12 -l12
[6.963s] DEBUG:colcon.colcon_core.event_handler.log_command:Invoking command in '/home/ros2/ros2_ws/src/pincerRover/build/bringup': CMAKE_PREFIX_PATH=${CMAKE_PREFIX_PATH}:/home/ros2/ros2_ws/install/safety_field:/home/ros2/ros2_ws/install/ros_path_planning_py:/home/ros2/ros2_ws/install/ros2_aruco:/home/ros2/ros2_ws/install/python_test_ros2:/home/ros2/ros2_ws/install/manipulator:/home/ros2/ros2_ws/install/mpu6886:/home/ros2/ros2_ws/install/ackermann_drive_odom:/home/ros2/ros2_ws/install/ackermann_drive:/opt/ros/jazzy /usr/bin/cmake --install /home/ros2/ros2_ws/src/pincerRover/build/bringup
[6.977s] Level 1:colcon.colcon_core.environment:create_environment_scripts_only(bringup)
[6.978s] Level 1:colcon.colcon_core.environment:checking '/home/ros2/ros2_ws/src/pincerRover/install/bringup' for CMake module files
[6.978s] DEBUG:colcon.colcon_core.event_handler.log_command:Invoked command in '/home/ros2/ros2_ws/src/pincerRover/build/bringup' returned '0': CMAKE_PREFIX_PATH=${CMAKE_PREFIX_PATH}:/home/ros2/ros2_ws/install/safety_field:/home/ros2/ros2_ws/install/ros_path_planning_py:/home/ros2/ros2_ws/install/ros2_aruco:/home/ros2/ros2_ws/install/python_test_ros2:/home/ros2/ros2_ws/install/manipulator:/home/ros2/ros2_ws/install/mpu6886:/home/ros2/ros2_ws/install/ackermann_drive_odom:/home/ros2/ros2_ws/install/ackermann_drive:/opt/ros/jazzy /usr/bin/cmake --install /home/ros2/ros2_ws/src/pincerRover/build/bringup
[6.979s] Level 1:colcon.colcon_core.environment:checking '/home/ros2/ros2_ws/src/pincerRover/install/bringup' for CMake config files
[6.979s] Level 1:colcon.colcon_core.shell:create_environment_hook('bringup', 'cmake_prefix_path')
[6.979s] INFO:colcon.colcon_core.shell:Creating environment hook '/home/ros2/ros2_ws/src/pincerRover/install/bringup/share/bringup/hook/cmake_prefix_path.ps1'
[6.980s] INFO:colcon.colcon_core.shell:Creating environment descriptor '/home/ros2/ros2_ws/src/pincerRover/install/bringup/share/bringup/hook/cmake_prefix_path.dsv'
[6.980s] INFO:colcon.colcon_core.shell:Creating environment hook '/home/ros2/ros2_ws/src/pincerRover/install/bringup/share/bringup/hook/cmake_prefix_path.sh'
[6.981s] Level 1:colcon.colcon_core.environment:checking '/home/ros2/ros2_ws/src/pincerRover/install/bringup/bin'
[6.981s] Level 1:colcon.colcon_core.environment:checking '/home/ros2/ros2_ws/src/pincerRover/install/bringup/lib/pkgconfig/bringup.pc'
[6.981s] Level 1:colcon.colcon_core.environment:checking '/home/ros2/ros2_ws/src/pincerRover/install/bringup/lib/python3.12/site-packages'
[6.981s] Level 1:colcon.colcon_core.environment:checking '/home/ros2/ros2_ws/src/pincerRover/install/bringup/bin'
[6.981s] INFO:colcon.colcon_core.shell:Creating package script '/home/ros2/ros2_ws/src/pincerRover/install/bringup/share/bringup/package.ps1'
[6.982s] INFO:colcon.colcon_core.shell:Creating package descriptor '/home/ros2/ros2_ws/src/pincerRover/install/bringup/share/bringup/package.dsv'
[6.982s] INFO:colcon.colcon_core.shell:Creating package script '/home/ros2/ros2_ws/src/pincerRover/install/bringup/share/bringup/package.sh'
[6.983s] INFO:colcon.colcon_core.shell:Creating package script '/home/ros2/ros2_ws/src/pincerRover/install/bringup/share/bringup/package.bash'
[6.983s] INFO:colcon.colcon_core.shell:Creating package script '/home/ros2/ros2_ws/src/pincerRover/install/bringup/share/bringup/package.zsh'
[6.983s] Level 1:colcon.colcon_core.environment:create_file_with_runtime_dependencies(/home/ros2/ros2_ws/src/pincerRover/install/bringup/share/colcon-core/packages/bringup)
[6.984s] Level 1:colcon.colcon_core.environment:create_environment_scripts_only(bringup)
[6.984s] Level 1:colcon.colcon_core.environment:checking '/home/ros2/ros2_ws/src/pincerRover/install/bringup' for CMake module files
[6.985s] Level 1:colcon.colcon_core.environment:checking '/home/ros2/ros2_ws/src/pincerRover/install/bringup' for CMake config files
[6.985s] Level 1:colcon.colcon_core.shell:create_environment_hook('bringup', 'cmake_prefix_path')
[6.985s] INFO:colcon.colcon_core.shell:Creating environment hook '/home/ros2/ros2_ws/src/pincerRover/install/bringup/share/bringup/hook/cmake_prefix_path.ps1'
[6.985s] INFO:colcon.colcon_core.shell:Creating environment descriptor '/home/ros2/ros2_ws/src/pincerRover/install/bringup/share/bringup/hook/cmake_prefix_path.dsv'
[6.986s] INFO:colcon.colcon_core.shell:Creating environment hook '/home/ros2/ros2_ws/src/pincerRover/install/bringup/share/bringup/hook/cmake_prefix_path.sh'
[6.986s] Level 1:colcon.colcon_core.environment:checking '/home/ros2/ros2_ws/src/pincerRover/install/bringup/bin'
[6.986s] Level 1:colcon.colcon_core.environment:checking '/home/ros2/ros2_ws/src/pincerRover/install/bringup/lib/pkgconfig/bringup.pc'
[6.986s] Level 1:colcon.colcon_core.environment:checking '/home/ros2/ros2_ws/src/pincerRover/install/bringup/lib/python3.12/site-packages'
[6.987s] Level 1:colcon.colcon_core.environment:checking '/home/ros2/ros2_ws/src/pincerRover/install/bringup/bin'
[6.987s] INFO:colcon.colcon_core.shell:Creating package script '/home/ros2/ros2_ws/src/pincerRover/install/bringup/share/bringup/package.ps1'
[6.987s] INFO:colcon.colcon_core.shell:Creating package descriptor '/home/ros2/ros2_ws/src/pincerRover/install/bringup/share/bringup/package.dsv'
[6.988s] INFO:colcon.colcon_core.shell:Creating package script '/home/ros2/ros2_ws/src/pincerRover/install/bringup/share/bringup/package.sh'
[6.989s] INFO:colcon.colcon_core.shell:Creating package script '/home/ros2/ros2_ws/src/pincerRover/install/bringup/share/bringup/package.bash'
[6.989s] INFO:colcon.colcon_core.shell:Creating package script '/home/ros2/ros2_ws/src/pincerRover/install/bringup/share/bringup/package.zsh'
[6.989s] Level 1:colcon.colcon_core.environment:create_file_with_runtime_dependencies(/home/ros2/ros2_ws/src/pincerRover/install/bringup/share/colcon-core/packages/bringup)
[6.990s] DEBUG:colcon.colcon_parallel_executor.executor.parallel:closing loop
[6.990s] DEBUG:colcon.colcon_parallel_executor.executor.parallel:loop closed
[6.990s] DEBUG:colcon.colcon_parallel_executor.executor.parallel:run_until_complete finished with '0'
[6.990s] DEBUG:colcon.colcon_core.event_reactor:joining thread
[7.050s] INFO:colcon.colcon_core.plugin_system:Skipping extension 'colcon_notification.desktop_notification.notify_send': Could not find 'notify-send'
[7.051s] INFO:colcon.colcon_core.plugin_system:Skipping extension 'colcon_notification.desktop_notification.terminal_notifier': Not used on non-Darwin systems
[7.051s] INFO:colcon.colcon_core.plugin_system:Skipping extension 'colcon_notification.desktop_notification.win32': Not used on non-Windows systems
[7.051s] INFO:colcon.colcon_notification.desktop_notification:Sending desktop notification using 'notify2'
[7.054s] DEBUG:colcon.colcon_notification.desktop_notification.notify2:Failed to initialize notify2: org.freedesktop.DBus.Error.ServiceUnknown: The name org.freedesktop.Notifications was not provided by any .service files
[7.054s] DEBUG:colcon.colcon_core.event_reactor:joined thread
[7.054s] INFO:colcon.colcon_core.shell:Creating prefix script '/home/ros2/ros2_ws/src/pincerRover/install/local_setup.ps1'
[7.055s] INFO:colcon.colcon_core.shell:Creating prefix util module '/home/ros2/ros2_ws/src/pincerRover/install/_local_setup_util_ps1.py'
[7.056s] INFO:colcon.colcon_core.shell:Creating prefix chain script '/home/ros2/ros2_ws/src/pincerRover/install/setup.ps1'
[7.058s] INFO:colcon.colcon_core.shell:Creating prefix script '/home/ros2/ros2_ws/src/pincerRover/install/local_setup.sh'
[7.058s] INFO:colcon.colcon_core.shell:Creating prefix util module '/home/ros2/ros2_ws/src/pincerRover/install/_local_setup_util_sh.py'
[7.059s] INFO:colcon.colcon_core.shell:Creating prefix chain script '/home/ros2/ros2_ws/src/pincerRover/install/setup.sh'
[7.060s] INFO:colcon.colcon_core.shell:Creating prefix script '/home/ros2/ros2_ws/src/pincerRover/install/local_setup.bash'
[7.061s] INFO:colcon.colcon_core.shell:Creating prefix chain script '/home/ros2/ros2_ws/src/pincerRover/install/setup.bash'
[7.062s] INFO:colcon.colcon_core.shell:Creating prefix script '/home/ros2/ros2_ws/src/pincerRover/install/local_setup.zsh'
[7.063s] INFO:colcon.colcon_core.shell:Creating prefix chain script '/home/ros2/ros2_ws/src/pincerRover/install/setup.zsh'
